"Date","Max_TemperatureF","Min_TemperatureF","PrecipitationIn"
2008-01-01,69,39,"0.00"
2008-01-02,43,29,"0.00"
2008-01-03,47,22,"0.00"
2008-01-04,62,31,"0.00"
2008-01-05,70,38,"0.00"
2008-01-06,75,46,"0.00"
2008-01-07,79,50,"0.00"
2008-01-08,78,54,"T"
2008-01-09,79,47,"0.00"
2008-01-10,79,50,"0.00"
2008-01-11,76,55,"T"
2008-01-12,73,59,"0.22"
2008-01-13,70,51,"0.23"
2008-01-14,60,35,"0.00"
2008-01-15,58,32,"0.00"
2008-01-16,63,44,"0.27"
2008-01-17,77,60,"0.28"
2008-01-18,60,49,"T"
2008-01-19,56,44,"1.79"
2008-01-20,50,34,"T"
2008-01-21,62,32,"0.00"
2008-01-22,74,47,"0.64"
2008-01-23,68,58,"0.09"
2008-01-24,66,47,"T"
2008-01-25,57,33,"0.00"
2008-01-26,61,41,"0.18"
2008-01-27,64,42,"T"
2008-01-28,65,33,"0.00"
2008-01-29,71,33,"0.00"
2008-01-30,63,58,"0.09"
2008-01-31,76,55,"0.00"
2008-02-01,75,48,"T"
2008-02-02,74,33,"0.00"
2008-02-03,79,49,"0.00"
2008-02-04,82,52,"0.00"
2008-02-05,83,56,"0.00"
2008-02-06,84,56,"0.00"
2008-02-07,72,59,"0.15"
2008-02-08,71,44,"T"
2008-02-09,72,40,"0.00"
2008-02-10,72,40,"0.00"
2008-02-11,73,34,"0.00"
2008-02-12,75,47,"0.79"
2008-02-13,69,38,"0.15"
2008-02-14,63,27,"0.00"
2008-02-15,71,33,"0.00"
2008-02-16,76,43,"0.00"
2008-02-17,83,51,"0.00"
2008-02-18,74,54,"0.19"
2008-02-19,64,39,"0.00"
2008-02-20,68,35,"0.00"
2008-02-21,71,45,"0.20"
2008-02-22,81,63,"0.00"
2008-02-23,77,59,"1.32"
2008-02-24,79,57,"0.00"
2008-02-25,76,53,"0.00"
2008-02-26,80,52,"0.35"
2008-02-27,58,38,"0.00"
2008-02-28,56,27,"0.00"
2008-02-29,68,31,"0.00"
2008-03-01,74,45,"0.00"
2008-03-02,77,42,"0.00"
2008-03-03,81,48,"0.00"
2008-03-04,77,62,"0.69"
2008-03-05,70,51,"0.00"
2008-03-06,74,41,"0.08"
2008-03-07,68,58,"3.13"
2008-03-08,66,40,"T"
2008-03-09,63,32,"0.00"
2008-03-10,71,37,"0.00"
2008-03-11,74,53,"0.00"
2008-03-12,73,49,"0.00"
2008-03-13,75,42,"0.00"
2008-03-14,61,43,"0.17"
2008-03-15,82,54,"0.00"
2008-03-16,83,56,"T"
2008-03-17,78,51,"0.00"
2008-03-18,77,55,"0.00"
2008-03-19,86,60,"T"
2008-03-20,74,46,"0.29"
2008-03-21,77,40,"0.00"
2008-03-22,73,51,"T"
2008-03-23,80,51,"0.00"
2008-03-24,65,44,"0.00"
2008-03-25,65,33,"0.00"
2008-03-26,73,38,"0.00"
2008-03-27,78,46,"0.00"
2008-03-28,81,49,"0.00"
2008-03-29,83,52,"0.00"
2008-03-30,67,57,"0.00"
2008-03-31,79,54,"0.00"
2008-04-01,85,61,"T"
2008-04-02,86,59,"0.00"
2008-04-03,85,62,"T"
2008-04-04,86,65,"0.01"
2008-04-05,84,63,"0.58"
2008-04-06,72,58,"0.41"
2008-04-07,76,62,"0.00"
2008-04-08,75,58,"0.00"
2008-04-09,80,59,"0.00"
2008-04-10,83,55,"0.00"
2008-04-11,85,57,"0.00"
2008-04-12,85,60,"0.00"
2008-04-13,73,49,"0.05"
2008-04-14,68,42,"0.00"
2008-04-15,63,39,"0.00"
2008-04-16,70,38,"0.00"
2008-04-17,77,35,"0.00"
2008-04-18,80,47,"T"
2008-04-19,81,55,"0.00"
2008-04-20,83,54,"0.00"
2008-04-21,84,58,"0.00"
2008-04-22,83,49,"0.00"
2008-04-23,79,52,"0.00"
2008-04-24,83,60,"T"
2008-04-25,84,58,"0.00"
2008-04-26,85,57,"0.00"
2008-04-27,86,58,"0.00"
2008-04-28,83,67,"T"
2008-04-29,78,52,"0.00"
2008-04-30,81,42,"0.00"
2008-05-01,84,49,"0.00"
2008-05-02,84,53,"0.00"
2008-05-03,86,61,"0.00"
2008-05-04,88,58,"0.00"
2008-05-05,86,63,"0.00"
2008-05-06,90,58,"0.00"
2008-05-07,89,67,"0.00"
2008-05-08,90,68,"0.00"
2008-05-09,89,71,"T"
2008-05-10,91,73,"0.00"
2008-05-11,88,74,"T"
2008-05-12,84,61,"0.00"
2008-05-13,85,51,"0.00"
2008-05-14,86,53,"0.00"
2008-05-15,87,58,"0.00"
2008-05-16,87,69,"0.41"
2008-05-17,88,69,"0.00"
2008-05-18,84,67,"0.01"
2008-05-19,90,68,"0.00"
2008-05-20,91,66,"0.00"
2008-05-21,89,69,"0.00"
2008-05-22,84,70,"T"
2008-05-23,87,71,"0.03"
2008-05-24,94,68,"T"
2008-05-25,88,66,"0.00"
2008-05-26,86,58,"0.00"
2008-05-27,86,55,"0.00"
2008-05-28,91,58,"0.00"
2008-05-29,90,62,"0.00"
2008-05-30,90,63,"0.00"
2008-05-31,95,63,"0.17"
2008-06-01,96,69,"T"
2008-06-02,95,66,"0.00"
2008-06-03,94,71,"0.04"
2008-06-04,95,66,"T"
2008-06-05,97,72,"0.00"
2008-06-06,97,71,"0.00"
2008-06-07,96,67,"0.00"
2008-06-08,96,66,"0.13"
2008-06-09,96,69,"0.05"
2008-06-10,91,67,"1.64"
2008-06-11,87,66,"0.99"
2008-06-12,89,71,"0.42"
2008-06-13,90,67,"0.01"
2008-06-14,91,68,"0.01"
2008-06-15,88,70,"0.12"
2008-06-16,89,72,"T"
2008-06-17,92,70,"T"
2008-06-18,90,72,"0.01"
2008-06-19,93,66,"0.00"
2008-06-20,94,67,"0.00"
2008-06-21,86,68,"0.23"
2008-06-22,88,67,"0.56"
2008-06-23,86,68,"0.19"
2008-06-24,89,70,"0.00"
2008-06-25,89,67,"0.03"
2008-06-26,90,64,"0.18"
2008-06-27,89,66,"0.46"
2008-06-28,90,69,"0.03"
2008-06-29,89,68,"0.05"
2008-06-30,91,70,"0.15"
2008-07-01,88,71,"0.02"
2008-07-02,89,68,"0.01"
2008-07-03,89,68,"0.00"
2008-07-04,91,66,"0.00"
2008-07-05,92,69,"0.00"
2008-07-06,90,70,"0.02"
2008-07-07,89,68,"0.01"
2008-07-08,91,69,"2.34"
2008-07-09,89,69,"0.00"
2008-07-10,93,72,"T"
2008-07-11,93,71,"0.00"
2008-07-12,86,73,"0.50"
2008-07-13,92,72,"0.00"
2008-07-14,92,72,"0.38"
2008-07-15,85,71,"0.02"
2008-07-16,87,70,"0.55"
2008-07-17,90,72,"0.00"
2008-07-18,91,72,"0.00"
2008-07-19,94,75,"0.00"
2008-07-20,94,73,"T"
2008-07-21,92,73,"0.00"
2008-07-22,92,71,"0.93"
2008-07-23,88,73,"0.09"
2008-07-24,91,69,"0.00"
2008-07-25,91,72,"0.01"
2008-07-26,90,71,"0.21"
2008-07-27,89,73,"0.07"
2008-07-28,89,73,"0.00"
2008-07-29,88,72,"0.25"
2008-07-30,84,74,"0.02"
2008-07-31,86,73,"0.18"
2008-08-01,87,75,"T"
2008-08-02,84,73,"0.03"
2008-08-03,91,71,"0.00"
2008-08-04,92,71,"0.00"
2008-08-05,93,69,"0.00"
2008-08-06,94,71,"0.00"
2008-08-07,95,76,"0.00"
2008-08-08,88,73,"0.43"
2008-08-09,94,72,"0.00"
2008-08-10,92,67,"0.00"
2008-08-11,91,69,"0.00"
2008-08-12,82,71,"1.45"
2008-08-13,89,71,"0.51"
2008-08-14,82,72,"0.23"
2008-08-15,88,73,"0.00"
2008-08-16,84,71,"0.03"
2008-08-17,88,70,"0.03"
2008-08-18,89,73,"T"
2008-08-19,87,73,"0.12"
2008-08-20,83,76,"0.07"
2008-08-21,78,74,"2.53"
2008-08-22,77,74,"1.36"
2008-08-23,85,73,"0.15"
2008-08-24,89,73,"1.47"
2008-08-25,90,70,"0.01"
2008-08-26,92,71,"0.00"
2008-08-27,93,73,"0.00"
2008-08-28,92,72,"0.17"
2008-08-29,92,70,"0.00"
2008-08-30,88,73,"0.12"
2008-08-31,89,76,"T"
2008-09-01,90,77,"T"
2008-09-02,90,74,"T"
2008-09-03,89,72,"0.00"
2008-09-04,90,71,"0.00"
2008-09-05,84,73,"T"
2008-09-06,93,70,"0.00"
2008-09-07,93,70,"0.00"
2008-09-08,91,66,"T"
2008-09-09,92,74,"0.00"
2008-09-10,90,73,"0.22"
2008-09-11,91,76,"0.10"
2008-09-12,91,75,"0.00"
2008-09-13,92,73,"T"
2008-09-14,93,71,"0.00"
2008-09-15,93,70,"0.00"
2008-09-16,91,69,"0.00"
2008-09-17,89,67,"0.03"
2008-09-18,87,68,"0.00"
2008-09-19,86,63,"0.00"
2008-09-20,82,70,"0.02"
2008-09-21,89,70,"0.12"
2008-09-22,78,72,"0.04"
2008-09-23,86,69,"0.00"
2008-09-24,80,64,"0.00"
2008-09-25,82,55,"0.00"
2008-09-26,84,59,"0.00"
2008-09-27,87,55,"0.00"
2008-09-28,88,55,"0.00"
2008-09-29,89,60,"0.00"
2008-09-30,90,71,"0.00"
2008-10-01,88,64,"0.00"
2008-10-02,81,53,"0.00"
2008-10-03,83,52,"0.00"
2008-10-04,85,57,"0.00"
2008-10-05,82,58,"0.00"
2008-10-06,89,69,"0.00"
2008-10-07,89,66,"0.00"
2008-10-08,85,66,"1.34"
2008-10-09,85,66,"1.47"
2008-10-10,85,66,"0.02"
2008-10-11,85,69,"0.00"
2008-10-12,89,69,"T"
2008-10-13,87,71,"0.10"
2008-10-14,85,66,"0.00"
2008-10-15,86,63,"0.00"
2008-10-16,86,64,"0.00"
2008-10-17,85,58,"0.00"
2008-10-18,78,58,"0.00"
2008-10-19,74,50,"0.00"
2008-10-20,80,52,"0.00"
2008-10-21,80,52,"0.00"
2008-10-22,80,50,"0.00"
2008-10-23,79,63,"0.14"
2008-10-24,77,66,"0.59"
2008-10-25,75,54,"0.01"
2008-10-26,75,48,"0.00"
2008-10-27,79,45,"0.00"
2008-10-28,60,34,"0.00"
2008-10-29,64,32,"0.00"
2008-10-30,72,36,"0.00"
2008-10-31,75,54,"0.00"
2008-11-01,77,56,"0.00"
2008-11-02,77,56,"T"
2008-11-03,79,58,"0.00"
2008-11-04,67,58,"T"
2008-11-05,69,58,"T"
2008-11-06,77,50,"0.00"
2008-11-07,80,49,"0.00"
2008-11-08,73,44,"T"
2008-11-09,73,40,"0.00"
2008-11-10,72,43,"0.00"
2008-11-11,78,41,"0.00"
2008-11-12,81,57,"T"
2008-11-13,85,70,"0.01"
2008-11-14,85,69,"0.04"
2008-11-15,81,49,"0.04"
2008-11-16,61,38,"0.00"
2008-11-17,65,32,"0.00"
2008-11-18,60,34,"0.00"
2008-11-19,58,28,"0.00"
2008-11-20,68,29,"0.00"
2008-11-21,61,37,"0.00"
2008-11-22,60,25,"0.00"
2008-11-23,68,32,"0.00"
2008-11-24,70,36,"0.00"
2008-11-25,68,34,"T"
2008-11-26,67,30,"0.00"
2008-11-27,71,34,"0.00"
2008-11-28,77,45,"0.00"
2008-11-29,78,44,"0.00"
2008-11-30,72,56,"1.46"
2008-12-01,64,43,"0.01"
2008-12-02,56,32,"0.16"
2008-12-03,63,28,"0.00"
2008-12-04,73,38,"0.00"
2008-12-05,72,44,"0.01"
2008-12-06,68,54,"0.04"
2008-12-07,60,32,"0.00"
2008-12-08,71,29,"0.00"
2008-12-09,77,50,"0.00"
2008-12-10,81,60,"0.00"
2008-12-11,72,52,"0.59"
2008-12-12,63,40,"0.00"
2008-12-13,60,34,"0.00"
2008-12-14,74,48,"0.00"
2008-12-15,78,57,"T"
2008-12-16,80,58,"0.00"
2008-12-17,80,56,"0.00"
2008-12-18,82,53,"0.00"
2008-12-19,78,51,"0.00"
2008-12-20,76,52,"0.00"
2008-12-21,79,53,"0.05"
2008-12-22,54,35,"0.00"
2008-12-23,72,35,"0.00"
2008-12-24,80,49,"0.00"
2008-12-25,78,55,"0.00"
2008-12-26,82,59,"0.00"
2008-12-27,79,59,"0.00"
2008-12-28,80,52,"0.00"
2008-12-29,77,49,"0.03"
2008-12-30,72,36,"0.00"
2008-12-31,72,37,"0.00"
2009-01-01,63,43,"0.00"
2009-01-02,74,49,"0.00"
2009-01-03,72,48,"0.00"
2009-01-04,78,54,"0.00"
2009-01-05,79,48,"0.00"
2009-01-06,80,61,"0.00"
2009-01-07,73,45,"0.04"
2009-01-08,71,35,"0.00"
2009-01-09,68,42,"0.00"
2009-01-10,76,37,"0.00"
2009-01-11,71,49,"0.14"
2009-01-12,56,45,"0.14"
2009-01-13,51,35,"1.31"
2009-01-14,59,33,"0.00"
2009-01-15,62,28,"0.00"
2009-01-16,50,33,"0.00"
2009-01-17,56,26,"0.00"
2009-01-18,68,28,"0.17"
2009-01-19,68,45,"0.08"
2009-01-20,56,32,"0.00"
2009-01-21,47,23,"0.00"
2009-01-22,58,21,"0.00"
2009-01-23,68,28,"0.00"
2009-01-24,71,34,"0.00"
2009-01-25,73,53,"0.00"
2009-01-26,77,50,"0.00"
2009-01-27,79,49,"0.00"
2009-01-28,79,57,"0.20"
2009-01-29,70,56,"1.39"
2009-01-30,61,39,"0.03"
2009-01-31,60,28,"0.00"
2009-02-01,65,30,"0.00"
2009-02-02,59,44,"1.24"
2009-02-03,55,36,"0.00"
2009-02-04,45,26,"0.00"
2009-02-05,49,22,"0.00"
2009-02-06,61,21,"0.00"
2009-02-07,68,28,"0.00"
2009-02-08,72,34,"0.00"
2009-02-09,74,37,"0.00"
2009-02-10,77,41,"0.00"
2009-02-11,82,50,"0.00"
2009-02-12,80,47,"0.07"
2009-02-13,76,38,"0.00"
2009-02-14,76,52,"0.18"
2009-02-15,69,58,"0.03"
2009-02-16,68,42,"0.00"
2009-02-17,67,33,"0.00"
2009-02-18,72,48,"0.00"
2009-02-19,76,52,"0.60"
2009-02-20,58,29,"0.00"
2009-02-21,67,26,"0.00"
2009-02-22,73,42,"0.00"
2009-02-23,62,35,"0.00"
2009-02-24,68,28,"0.00"
2009-02-25,73,42,"0.00"
2009-02-26,74,43,"0.00"
2009-02-27,78,52,"0.00"
2009-02-28,79,54,"0.00"
2009-03-01,68,41,"0.73"
2009-03-02,58,34,"0.00"
2009-03-03,58,31,"0.00"
2009-03-04,66,30,"0.00"
2009-03-05,72,36,"0.00"
2009-03-06,77,42,"0.00"
2009-03-07,79,44,"0.00"
2009-03-08,80,47,"0.00"
2009-03-09,82,48,"0.00"
2009-03-10,84,51,"0.00"
2009-03-11,86,51,"0.00"
2009-03-12,83,57,"0.00"
2009-03-13,81,58,"0.00"
2009-03-14,84,61,"0.00"
2009-03-15,85,58,"0.00"
2009-03-16,86,57,"0.00"
2009-03-17,79,58,"T"
2009-03-18,79,52,"0.00"
2009-03-19,81,57,"0.00"
2009-03-20,80,49,"0.00"
2009-03-21,74,46,"0.00"
2009-03-22,71,46,"0.00"
2009-03-23,65,49,"0.09"
2009-03-24,77,57,"0.00"
2009-03-25,78,49,"0.00"
2009-03-26,79,56,"0.00"
2009-03-27,81,59,"0.23"
2009-03-28,87,61,"1.70"
2009-03-29,75,52,"0.99"
2009-03-30,77,45,"0.00"
2009-03-31,81,51,"0.23"
2009-04-01,70,61,"1.19"
2009-04-02,84,62,"T"
2009-04-03,82,58,"0.05"
2009-04-04,82,51,"0.00"
2009-04-05,86,54,"T"
2009-04-06,81,53,"0.08"
2009-04-07,61,39,"0.00"
2009-04-08,69,34,"0.00"
2009-04-09,82,44,"0.00"
2009-04-10,82,51,"0.00"
2009-04-11,82,67,"0.00"
2009-04-12,83,56,"0.00"
2009-04-13,81,60,"0.46"
2009-04-14,71,59,"0.60"
2009-04-15,76,48,"0.00"
2009-04-16,79,48,"0.00"
2009-04-17,74,52,"0.00"
2009-04-18,77,48,"0.00"
2009-04-19,79,48,"0.00"
2009-04-20,76,58,"0.32"
2009-04-21,79,55,"0.00"
2009-04-22,82,51,"0.00"
2009-04-23,87,61,"0.00"
2009-04-24,89,55,"0.00"
2009-04-25,84,56,"0.00"
2009-04-26,84,56,"0.00"
2009-04-27,84,56,"0.00"
2009-04-28,83,62,"0.00"
2009-04-29,85,54,"0.00"
2009-04-30,85,57,"0.00"
2009-05-01,87,61,"0.00"
2009-05-02,87,59,"0.00"
2009-05-03,88,60,"0.00"
2009-05-04,87,62,"0.00"
2009-05-05,90,61,"0.00"
2009-05-06,89,62,"0.00"
2009-05-07,89,62,"0.00"
2009-05-08,92,60,"0.00"
2009-05-09,91,61,"0.00"
2009-05-10,92,63,"0.00"
2009-05-11,92,67,"0.00"
2009-05-12,78,69,"0.00"
2009-05-13,90,65,"0.00"
2009-05-14,90,62,"1.67"
2009-05-15,87,64,"0.02"
2009-05-16,88,65,"0.10"
2009-05-17,87,66,"0.64"
2009-05-18,70,57,"0.69"
2009-05-19,66,57,"0.92"
2009-05-20,69,64,"1.06"
2009-05-21,75,65,"0.55"
2009-05-22,80,69,"0.77"
2009-05-23,85,68,"0.63"
2009-05-24,86,66,"T"
2009-05-25,87,66,"0.16"
2009-05-26,86,65,"0.34"
2009-05-27,87,66,"0.01"
2009-05-28,85,69,"0.60"
2009-05-29,89,71,"0.04"
2009-05-30,87,69,"0.00"
2009-05-31,90,65,"0.00"
2009-06-01,91,64,"0.00"
2009-06-02,90,67,"0.00"
2009-06-03,87,68,"0.79"
2009-06-04,84,70,"0.15"
2009-06-05,81,68,"0.80"
2009-06-06,80,68,"0.47"
2009-06-07,86,69,"0.04"
2009-06-08,87,68,"T"
2009-06-09,92,68,"0.00"
2009-06-10,92,71,"0.00"
2009-06-11,92,70,"0.00"
2009-06-12,92,70,"0.00"
2009-06-13,92,70,"0.03"
2009-06-14,92,70,"0.00"
2009-06-15,92,73,"0.07"
2009-06-16,93,72,"T"
2009-06-17,96,71,"T"
2009-06-18,88,71,"0.23"
2009-06-19,95,69,"0.00"
2009-06-20,95,74,"0.00"
2009-06-21,97,79,"0.00"
2009-06-22,97,78,"0.00"
2009-06-23,96,73,"0.43"
2009-06-24,91,69,"0.00"
2009-06-25,93,69,"0.00"
2009-06-26,90,72,"T"
2009-06-27,90,73,"0.02"
2009-06-28,93,76,"T"
2009-06-29,92,75,"0.12"
2009-06-30,85,74,"0.51"
2009-07-01,87,71,"0.00"
2009-07-02,92,72,"0.00"
2009-07-03,89,69,"0.36"
2009-07-04,94,75,"0.00"
2009-07-05,92,68,"0.00"
2009-07-06,86,74,"0.22"
2009-07-07,86,73,"0.87"
2009-07-08,83,73,"0.46"
2009-07-09,84,72,"0.20"
2009-07-10,91,69,"0.74"
2009-07-11,87,70,"0.13"
2009-07-12,89,70,"0.02"
2009-07-13,91,72,"0.08"
2009-07-14,89,73,"T"
2009-07-15,89,73,"T"
2009-07-16,89,73,"0.06"
2009-07-17,92,75,"0.00"
2009-07-18,86,74,"0.57"
2009-07-19,88,73,"0.00"
2009-07-20,87,71,"T"
2009-07-21,90,67,"0.00"
2009-07-22,92,69,"T"
2009-07-23,92,69,"0.00"
2009-07-24,90,71,"0.57"
2009-07-25,91,70,"0.75"
2009-07-26,88,69,"T"
2009-07-27,90,71,"0.00"
2009-07-28,91,70,"T"
2009-07-29,91,71,"0.15"
2009-07-30,92,72,"0.01"
2009-07-31,90,72,"1.54"
2009-08-01,92,72,"0.98"
2009-08-02,91,73,"0.12"
2009-08-03,90,74,"0.84"
2009-08-04,91,71,"0.33"
2009-08-05,91,70,"T"
2009-08-06,89,70,"0.11"
2009-08-07,90,71,"0.00"
2009-08-08,93,73,"0.00"
2009-08-09,93,73,"0.00"
2009-08-10,93,71,"0.00"
2009-08-11,93,73,"0.00"
2009-08-12,92,75,"0.35"
2009-08-13,87,73,"0.27"
2009-08-14,83,71,"0.19"
2009-08-15,89,72,"0.06"
2009-08-16,90,73,"0.00"
2009-08-17,87,75,"0.11"
2009-08-18,88,74,"0.03"
2009-08-19,92,74,"0.32"
2009-08-20,91,72,"0.04"
2009-08-21,90,73,"0.28"
2009-08-22,85,73,"0.92"
2009-08-23,86,67,"0.00"
2009-08-24,89,65,"0.00"
2009-08-25,92,71,"T"
2009-08-26,89,71,"0.34"
2009-08-27,82,73,"1.45"
2009-08-28,86,74,"0.04"
2009-08-29,90,70,"0.00"
2009-08-30,90,71,"0.00"
2009-08-31,88,70,"0.00"
2009-09-01,86,72,"0.32"
2009-09-02,84,72,"0.11"
2009-09-03,83,68,"0.03"
2009-09-04,90,71,"0.00"
2009-09-05,89,72,"0.04"
2009-09-06,90,69,"0.00"
2009-09-07,87,67,"0.00"
2009-09-08,90,66,"0.00"
2009-09-09,90,66,"0.00"
2009-09-10,90,68,"0.00"
2009-09-11,89,71,"0.00"
2009-09-12,83,73,"0.03"
2009-09-13,87,71,"0.04"
2009-09-14,89,70,"T"
2009-09-15,88,73,"T"
2009-09-16,89,71,"0.00"
2009-09-17,89,71,"2.19"
2009-09-18,86,71,"T"
2009-09-19,90,69,"0.00"
2009-09-20,91,71,"0.00"
2009-09-21,90,72,"T"
2009-09-22,91,73,"0.00"
2009-09-23,90,71,"0.02"
2009-09-24,89,71,"0.01"
2009-09-25,92,70,"0.00"
2009-09-26,91,69,"0.05"
2009-09-27,90,68,"0.00"
2009-09-28,89,64,"0.00"
2009-09-29,84,58,"0.00"
2009-09-30,80,52,"0.00"
2009-10-01,83,51,"0.00"
2009-10-02,85,56,"0.00"
2009-10-03,87,61,"0.00"
2009-10-04,85,63,"0.00"
2009-10-05,84,72,"0.46"
2009-10-06,91,71,"0.00"
2009-10-07,91,72,"0.07"
2009-10-08,91,76,"0.00"
2009-10-09,92,74,"0.00"
2009-10-10,89,73,"0.06"
2009-10-11,93,69,"0.00"
2009-10-12,91,72,"0.00"
2009-10-13,85,68,"0.00"
2009-10-14,84,68,"0.01"
2009-10-15,87,70,"T"
2009-10-16,87,61,"0.49"
2009-10-17,66,47,"0.00"
2009-10-18,64,43,"0.00"
2009-10-19,69,41,"0.00"
2009-10-20,79,50,"0.00"
2009-10-21,82,60,"T"
2009-10-22,85,56,"0.00"
2009-10-23,87,62,"0.00"
2009-10-24,79,58,"T"
2009-10-25,76,49,"0.00"
2009-10-26,83,51,"0.00"
2009-10-27,86,71,"0.34"
2009-10-28,88,70,"T"
2009-10-29,89,67,"0.00"
2009-10-30,84,68,"T"
2009-10-31,87,67,"0.00"
2009-11-01,75,50,"T"
2009-11-02,75,50,"0.00"
2009-11-03,74,52,"0.00"
2009-11-04,81,55,"0.00"
2009-11-05,76,45,"0.00"
2009-11-06,77,42,"0.00"
2009-11-07,79,49,"0.00"
2009-11-08,82,56,"0.00"
2009-11-09,80,63,"T"
2009-11-10,83,69,"0.30"
2009-11-11,76,58,"0.06"
2009-11-12,63,50,"T"
2009-11-13,74,47,"0.00"
2009-11-14,79,52,"0.00"
2009-11-15,78,46,"0.00"
2009-11-16,79,46,"0.00"
2009-11-17,78,49,"0.00"
2009-11-18,79,58,"0.00"
2009-11-19,77,57,"0.00"
2009-11-20,77,55,"0.00"
2009-11-21,77,52,"0.00"
2009-11-22,73,60,"0.46"
2009-11-23,77,60,"0.00"
2009-11-24,66,61,"0.23"
2009-11-25,63,55,"1.21"
2009-11-26,68,45,"0.00"
2009-11-27,61,37,"0.00"
2009-11-28,67,39,"0.00"
2009-11-29,73,41,"0.00"
2009-11-30,75,43,"0.00"
2009-12-01,69,59,"0.02"
2009-12-02,81,62,"0.51"
2009-12-03,69,51,"T"
2009-12-04,52,48,"0.49"
2009-12-05,57,36,"0.93"
2009-12-06,59,35,"0.00"
2009-12-07,69,53,"0.01"
2009-12-08,82,62,"T"
2009-12-09,79,65,"T"
2009-12-10,75,50,"T"
2009-12-11,50,45,"T"
2009-12-12,66,48,"0.21"
2009-12-13,77,64,"0.00"
2009-12-14,79,60,"0.00"
2009-12-15,81,59,"0.00"
2009-12-16,65,54,"0.00"
2009-12-17,70,52,"0.00"
2009-12-18,73,50,"0.29"
2009-12-19,60,44,"0.00"
2009-12-20,56,37,"0.00"
2009-12-21,57,36,"0.00"
2009-12-22,65,33,"0.00"
2009-12-23,67,36,"0.00"
2009-12-24,77,51,"0.00"
2009-12-25,71,51,"0.26"
2009-12-26,55,41,"0.00"
2009-12-27,52,39,"T"
2009-12-28,60,37,"0.00"
2009-12-29,58,31,"0.00"
2009-12-30,72,31,"0.00"
2009-12-31,72,50,"T"
2010-01-01,64,41,"0.79"
2010-01-02,55,32,"0.00"
2010-01-03,42,26,"0.00"
2010-01-04,50,25,"0.00"
2010-01-05,46,26,"0.00"
2010-01-06,49,24,"0.00"
2010-01-07,58,21,"0.00"
2010-01-08,48,31,"0.02"
2010-01-09,37,20,"0.00"
2010-01-10,42,19,"0.00"
2010-01-11,50,17,"0.00"
2010-01-12,58,22,"0.00"
2010-01-13,57,24,"0.00"
2010-01-14,67,25,"0.00"
2010-01-15,72,41,"0.00"
2010-01-16,70,54,"0.42"
2010-01-17,71,55,"0.70"
2010-01-18,65,44,"0.00"
2010-01-19,70,39,"0.00"
2010-01-20,72,37,"T"
2010-01-21,74,54,"1.85"
2010-01-22,78,53,"0.07"
2010-01-23,71,50,"T"
2010-01-24,81,55,"T"
2010-01-25,74,46,"0.35"
2010-01-26,66,41,"0.00"
2010-01-27,65,32,"0.00"
2010-01-28,70,32,"0.00"
2010-01-29,72,41,"0.00"
2010-01-30,68,53,"0.34"
2010-01-31,55,41,"0.00"
2010-02-01,65,41,"0.29"
2010-02-02,65,54,"0.23"
2010-02-03,63,43,"0.00"
2010-02-04,73,45,"0.00"
2010-02-05,73,57,"0.81"
2010-02-06,62,47,"0.00"
2010-02-07,55,36,"0.00"
2010-02-08,64,31,"0.00"
2010-02-09,61,41,"0.53"
2010-02-10,56,34,"0.00"
2010-02-11,51,31,"0.00"
2010-02-12,46,39,"1.68"
2010-02-13,51,33,"0.00"
2010-02-14,58,27,"0.00"
2010-02-15,65,30,"T"
2010-02-16,53,33,"0.00"
2010-02-17,56,28,"0.00"
2010-02-18,59,31,"0.00"
2010-02-19,66,34,"0.00"
2010-02-20,71,37,"0.00"
2010-02-21,75,36,"0.00"
2010-02-22,71,55,"0.12"
2010-02-23,74,48,"0.01"
2010-02-24,60,41,"0.07"
2010-02-25,53,29,"0.00"
2010-02-26,60,25,"T"
2010-02-27,58,32,"0.14"
2010-02-28,64,33,"0.00"
2010-03-01,70,33,"0.00"
2010-03-02,69,44,"0.55"
2010-03-03,58,40,"0.00"
2010-03-04,56,33,"0.00"
2010-03-05,63,32,"0.00"
2010-03-06,65,28,"0.00"
2010-03-07,70,28,"0.00"
2010-03-08,73,39,"0.00"
2010-03-09,72,43,"T"
2010-03-10,79,43,"0.00"
2010-03-11,69,62,"1.20"
2010-03-12,68,62,"0.15"
2010-03-13,70,52,"0.00"
2010-03-14,69,44,"0.00"
2010-03-15,69,48,"0.00"
2010-03-16,69,43,"0.00"
2010-03-17,63,47,"0.09"
2010-03-18,64,49,"T"
2010-03-19,75,45,"0.00"
2010-03-20,76,42,"0.00"
2010-03-21,69,47,"0.25"
2010-03-22,64,43,"T"
2010-03-23,70,42,"0.00"
2010-03-24,76,42,"0.00"
2010-03-25,79,50,"0.55"
2010-03-26,80,51,"0.00"
2010-03-27,77,44,"0.00"
2010-03-28,71,52,"0.14"
2010-03-29,73,51,"0.32"
2010-03-30,74,45,"0.00"
2010-03-31,80,48,"0.00"
2010-04-01,84,47,"0.00"
2010-04-02,85,48,"0.00"
2010-04-03,84,54,"0.00"
2010-04-04,87,52,"0.00"
2010-04-05,87,53,"0.00"
2010-04-06,85,53,"0.00"
2010-04-07,84,57,"0.00"
2010-04-08,85,55,"T"
2010-04-09,79,52,"0.02"
2010-04-10,79,43,"0.00"
2010-04-11,80,54,"0.00"
2010-04-12,79,52,"0.00"
2010-04-13,80,56,"0.02"
2010-04-14,81,60,"0.00"
2010-04-15,79,56,"0.00"
2010-04-16,81,49,"0.00"
2010-04-17,81,51,"0.00"
2010-04-18,80,56,"0.00"
2010-04-19,77,57,"0.00"
2010-04-20,80,51,"0.03"
2010-04-21,82,55,"0.00"
2010-04-22,84,51,"0.00"
2010-04-23,88,53,"0.00"
2010-04-24,88,66,"0.00"
2010-04-25,78,64,"0.39"
2010-04-26,85,64,"0.00"
2010-04-27,82,53,"T"
2010-04-28,76,45,"0.00"
2010-04-29,81,45,"0.00"
2010-04-30,85,57,"2.53"
2010-05-01,91,66,"0.11"
2010-05-02,94,74,"0.00"
2010-05-03,91,72,"0.00"
2010-05-04,90,73,"0.40"
2010-05-05,84,73,"T"
2010-05-06,90,71,"0.00"
2010-05-07,90,68,"0.00"
2010-05-08,90,72,"0.00"
2010-05-09,84,62,"0.00"
2010-05-10,84,56,"0.00"
2010-05-11,86,60,"0.00"
2010-05-12,86,62,"0.00"
2010-05-13,89,62,"0.00"
2010-05-14,89,64,"0.00"
2010-05-15,89,62,"0.00"
2010-05-16,91,68,"0.11"
2010-05-17,86,71,"0.28"
2010-05-18,90,70,"0.00"
2010-05-19,89,66,"0.00"
2010-05-20,93,63,"0.00"
2010-05-21,92,67,"0.57"
2010-05-22,91,67,"0.00"
2010-05-23,91,69,"T"
2010-05-24,92,67,"T"
2010-05-25,86,63,"T"
2010-05-26,87,63,"0.00"
2010-05-27,90,65,"0.00"
2010-05-28,92,66,"1.01"
2010-05-29,89,67,"0.30"
2010-05-30,89,68,"0.41"
2010-05-31,90,71,"T"
2010-06-01,91,65,"0.00"
2010-06-02,91,69,"0.37"
2010-06-03,89,68,"0.22"
2010-06-04,89,72,"0.79"
2010-06-05,92,73,"0.07"
2010-06-06,90,72,"0.25"
2010-06-07,93,73,"0.00"
2010-06-08,91,67,"0.00"
2010-06-09,90,66,"0.00"
2010-06-10,94,65,"0.00"
2010-06-11,97,67,"0.00"
2010-06-12,96,72,"0.00"
2010-06-13,96,71,"0.00"
2010-06-14,98,75,"0.00"
2010-06-15,99,77,"0.69"
2010-06-16,96,74,"0.98"
2010-06-17,95,70,"1.59"
2010-06-18,93,72,"1.05"
2010-06-19,92,72,"0.14"
2010-06-20,92,73,"T"
2010-06-21,91,71,"0.54"
2010-06-22,94,71,"0.78"
2010-06-23,95,72,"0.00"
2010-06-24,93,71,"0.00"
2010-06-25,95,74,"0.18"
2010-06-26,95,74,"0.09"
2010-06-27,93,75,"T"
2010-06-28,92,74,"T"
2010-06-29,91,75,"0.01"
2010-06-30,92,74,"1.24"
2010-07-01,86,73,"T"
2010-07-02,88,74,"0.23"
2010-07-03,86,74,"0.11"
2010-07-04,84,74,"0.02"
2010-07-05,85,73,"T"
2010-07-06,91,73,"0.17"
2010-07-07,92,68,"0.00"
2010-07-08,94,66,"0.00"
2010-07-09,95,74,"0.00"
2010-07-10,93,74,"0.00"
2010-07-11,94,75,"3.16"
2010-07-12,90,76,"0.43"
2010-07-13,94,76,"0.00"
2010-07-14,93,74,"0.00"
2010-07-15,91,73,"0.24"
2010-07-16,93,71,"0.00"
2010-07-17,94,76,"0.00"
2010-07-18,94,73,"0.00"
2010-07-19,95,76,"T"
2010-07-20,94,76,"0.00"
2010-07-21,94,75,"0.00"
2010-07-22,95,72,"0.00"
2010-07-23,94,73,"0.00"
2010-07-24,94,79,"0.02"
2010-07-25,96,76,"0.00"
2010-07-26,97,75,"0.00"
2010-07-27,98,77,"0.00"
2010-07-28,97,75,"0.03"
2010-07-29,98,74,"0.00"
2010-07-30,99,78,"0.36"
2010-07-31,98,75,"0.68"
2010-08-01,94,74,"0.15"
2010-08-02,97,75,"0.00"
2010-08-03,96,77,"0.00"
2010-08-04,95,74,"0.00"
2010-08-05,94,73,"0.00"
2010-08-06,92,76,"0.45"
2010-08-07,92,75,"0.94"
2010-08-08,93,75,"0.00"
2010-08-09,93,76,"T"
2010-08-10,92,75,"0.08"
2010-08-11,92,75,"T"
2010-08-12,91,76,"0.41"
2010-08-13,90,76,"0.84"
2010-08-14,92,76,"0.10"
2010-08-15,92,75,"0.05"
2010-08-16,95,76,"0.00"
2010-08-17,95,77,"0.06"
2010-08-18,95,76,"0.00"
2010-08-19,95,77,"0.00"
2010-08-20,92,77,"0.11"
2010-08-21,91,77,"0.02"
2010-08-22,97,77,"0.34"
2010-08-23,92,76,"0.01"
2010-08-24,84,75,"0.19"
2010-08-25,89,76,"T"
2010-08-26,89,74,"1.01"
2010-08-27,87,74,"0.14"
2010-08-28,87,74,"T"
2010-08-29,87,74,"T"
2010-08-30,90,74,"0.00"
2010-08-31,89,73,"0.00"
2010-09-01,90,71,"0.00"
2010-09-02,91,70,"0.00"
2010-09-03,91,69,"0.00"
2010-09-04,91,72,"0.00"
2010-09-05,89,72,"0.07"
2010-09-06,94,72,"0.27"
2010-09-07,90,71,"T"
2010-09-08,88,72,"0.00"
2010-09-09,93,71,"0.00"
2010-09-10,95,72,"0.00"
2010-09-11,96,73,"0.00"
2010-09-12,95,72,"0.33"
2010-09-13,93,70,"0.00"
2010-09-14,89,69,"0.00"
2010-09-15,90,62,"0.00"
2010-09-16,91,64,"0.00"
2010-09-17,91,67,"0.00"
2010-09-18,92,66,"0.00"
2010-09-19,91,65,"0.00"
2010-09-20,94,62,"0.00"
2010-09-21,92,67,"0.00"
2010-09-22,90,68,"0.00"
2010-09-23,88,66,"0.04"
2010-09-24,89,70,"T"
2010-09-25,89,74,"T"
2010-09-26,91,71,"0.19"
2010-09-27,86,71,"0.43"
2010-09-28,83,70,"0.01"
2010-09-29,87,71,"0.01"
2010-09-30,83,67,"T"
2010-10-01,86,62,"0.00"
2010-10-02,86,63,"0.00"
2010-10-03,83,58,"0.00"
2010-10-04,81,54,"0.00"
2010-10-05,81,55,"0.00"
2010-10-06,78,49,"0.00"
2010-10-07,83,45,"0.00"
2010-10-08,87,50,"0.00"
2010-10-09,88,53,"0.00"
2010-10-10,88,57,"0.00"
2010-10-11,87,62,"0.00"
2010-10-12,87,58,"0.00"
2010-10-13,86,57,"0.00"
2010-10-14,86,61,"0.00"
2010-10-15,80,50,"0.00"
2010-10-16,83,51,"0.00"
2010-10-17,83,47,"0.00"
2010-10-18,83,48,"0.00"
2010-10-19,84,55,"0.00"
2010-10-20,84,56,"0.00"
2010-10-21,85,54,"0.00"
2010-10-22,87,48,"0.00"
2010-10-23,88,50,"0.00"
2010-10-24,89,55,"0.00"
2010-10-25,89,68,"0.00"
2010-10-26,92,69,"0.00"
2010-10-27,92,67,"0.00"
2010-10-28,91,67,"T"
2010-10-29,82,54,"0.00"
2010-10-30,84,50,"0.00"
2010-10-31,85,53,"0.00"
2010-11-01,83,56,"0.00"
2010-11-02,79,60,"0.19"
2010-11-03,83,64,"0.07"
2010-11-04,79,58,"0.11"
2010-11-05,65,42,"0.00"
2010-11-06,61,38,"0.00"
2010-11-07,66,36,"0.00"
2010-11-08,71,34,"0.00"
2010-11-09,80,40,"0.00"
2010-11-10,82,40,"0.00"
2010-11-11,80,43,"0.00"
2010-11-12,78,45,"0.00"
2010-11-13,78,43,"0.00"
2010-11-14,78,38,"0.00"
2010-11-15,82,44,"0.00"
2010-11-16,80,53,"0.07"
2010-11-17,76,47,"0.00"
2010-11-18,73,43,"0.00"
2010-11-19,86,40,"0.00"
2010-11-20,80,48,"0.00"
2010-11-21,81,50,"0.00"
2010-11-22,82,56,"0.00"
2010-11-23,83,54,"0.00"
2010-11-24,82,52,"0.00"
2010-11-25,83,50,"0.00"
2010-11-26,83,56,"0.09"
2010-11-27,68,47,"0.00"
2010-11-28,77,36,"0.00"
2010-11-29,78,56,"0.02"
2010-11-30,85,64,"0.01"
2010-12-01,71,36,"0.02"
2010-12-02,59,27,"0.00"
2010-12-03,66,28,"0.00"
2010-12-04,71,33,"0.00"
2010-12-05,67,41,"0.02"
2010-12-06,51,30,"0.00"
2010-12-07,53,27,"0.00"
2010-12-08,55,23,"0.00"
2010-12-09,60,34,"0.00"
2010-12-10,60,35,"T"
2010-12-11,68,45,"0.00"
2010-12-12,62,37,"0.13"
2010-12-13,46,31,"0.00"
2010-12-14,48,23,"0.00"
2010-12-15,57,22,"0.00"
2010-12-16,69,28,"0.00"
2010-12-17,78,44,"0.00"
2010-12-18,75,53,"T"
2010-12-19,59,33,"T"
2010-12-20,61,28,"0.00"
2010-12-21,69,31,"0.00"
2010-12-22,76,39,"0.00"
2010-12-23,60,32,"0.00"
2010-12-24,63,27,"0.00"
2010-12-25,71,34,"0.51"
2010-12-26,63,33,"0.01"
2010-12-27,49,27,"0.00"
2010-12-28,56,21,"0.00"
2010-12-29,62,23,"0.00"
2010-12-30,73,35,"0.00"
2010-12-31,78,45,"0.00"
2011-01-01,79,49,"T"
2011-01-02,77,56,"0.20"
2011-01-03,66,39,"0.00"
2011-01-04,70,36,"T"
2011-01-05,62,48,"0.65"
2011-01-06,64,45,"T"
2011-01-07,63,35,"0.00"
2011-01-08,67,38,"0.00"
2011-01-09,56,33,"0.00"
2011-01-10,68,43,"0.19"
2011-01-11,50,40,"0.00"
2011-01-12,49,31,"0.00"
2011-01-13,50,24,"0.00"
2011-01-14,59,23,"0.00"
2011-01-15,67,30,"0.00"
2011-01-16,67,38,"0.00"
2011-01-17,62,48,"0.64"
2011-01-18,66,50,"0.01"
2011-01-19,68,42,"0.04"
2011-01-20,75,38,"0.11"
2011-01-21,62,48,"T"
2011-01-22,55,27,"T"
2011-01-23,59,26,"0.00"
2011-01-24,70,29,"0.00"
2011-01-25,68,49,"1.84"
2011-01-26,65,39,"T"
2011-01-27,60,31,"0.00"
2011-01-28,68,36,"0.00"
2011-01-29,74,38,"0.00"
2011-01-30,74,37,"0.00"
2011-01-31,76,52,"T"
2011-02-01,80,49,"0.00"
2011-02-02,75,57,"0.06"
2011-02-03,57,49,"1.29"
2011-02-04,74,49,"0.00"
2011-02-05,69,56,"0.03"
2011-02-06,61,52,"0.09"
2011-02-07,58,50,"1.64"
2011-02-08,56,35,"0.00"
2011-02-09,69,31,"T"
2011-02-10,57,46,"0.48"
2011-02-11,58,38,"0.00"
2011-02-12,62,34,"0.00"
2011-02-13,67,30,"0.00"
2011-02-14,72,32,"0.00"
2011-02-15,74,41,"0.00"
2011-02-16,77,49,"0.00"
2011-02-17,79,57,"0.00"
2011-02-18,82,50,"0.00"
2011-02-19,82,51,"0.00"
2011-02-20,81,50,"0.00"
2011-02-21,82,52,"0.00"
2011-02-22,85,61,"0.00"
2011-02-23,78,56,"0.00"
2011-02-24,81,57,"0.00"
2011-02-25,84,63,"0.00"
2011-02-26,86,63,"0.00"
2011-02-27,87,60,"0.00"
2011-02-28,86,58,"0.00"
2011-03-01,78,54,"0.29"
2011-03-02,77,50,"0.00"
2011-03-03,76,49,"0.00"
2011-03-04,76,51,"T"
2011-03-05,79,53,"0.00"
2011-03-06,77,51,"0.13"
2011-03-07,67,42,"0.00"
2011-03-08,80,40,"0.00"
2011-03-09,84,58,"0.65"
2011-03-10,69,50,"0.68"
2011-03-11,66,39,"0.00"
2011-03-12,75,33,"0.00"
2011-03-13,78,37,"0.00"
2011-03-14,79,42,"0.00"
2011-03-15,81,47,"0.00"
2011-03-16,82,54,"0.00"
2011-03-17,83,46,"0.00"
2011-03-18,85,51,"0.00"
2011-03-19,88,48,"0.00"
2011-03-20,84,51,"0.00"
2011-03-21,84,52,"0.00"
2011-03-22,86,54,"0.00"
2011-03-23,84,57,"0.00"
2011-03-24,84,61,"0.00"
2011-03-25,81,46,"0.00"
2011-03-26,85,46,"0.00"
2011-03-27,88,66,"0.00"
2011-03-28,71,64,"0.14"
2011-03-29,74,57,"0.00"
2011-03-30,78,61,"0.57"
2011-03-31,76,57,"0.58"
2011-04-01,76,55,"0.00"
2011-04-02,82,51,"0.00"
2011-04-03,83,52,"0.00"
2011-04-04,89,57,"0.00"
2011-04-05,73,43,"0.64"
2011-04-06,75,40,"0.00"
2011-04-07,84,50,"0.00"
2011-04-08,88,58,"0.00"
2011-04-09,89,60,"0.00"
2011-04-10,90,58,"0.00"
2011-04-11,91,59,"0.00"
2011-04-12,79,58,"0.05"
2011-04-13,82,53,"0.00"
2011-04-14,85,49,"0.00"
2011-04-15,85,58,"T"
2011-04-16,87,61,"0.00"
2011-04-17,80,50,"0.00"
2011-04-18,88,49,"0.00"
2011-04-19,94,60,"0.00"
2011-04-20,92,63,"T"
2011-04-21,92,60,"0.00"
2011-04-22,91,62,"0.00"
2011-04-23,91,61,"T"
2011-04-24,91,63,"0.00"
2011-04-25,92,62,"0.00"
2011-04-26,92,68,"0.00"
2011-04-27,96,66,"0.00"
2011-04-28,93,70,"0.48"
2011-04-29,85,58,"0.00"
2011-04-30,89,50,"0.00"
2011-05-01,89,60,"0.00"
2011-05-02,91,61,"0.00"
2011-05-03,93,63,"0.00"
2011-05-04,83,62,"T"
2011-05-05,85,53,"0.00"
2011-05-06,85,61,"0.09"
2011-05-07,88,54,"0.00"
2011-05-08,91,53,"0.00"
2011-05-09,95,70,"T"
2011-05-10,95,65,"0.00"
2011-05-11,96,69,"0.00"
2011-05-12,98,64,"0.00"
2011-05-13,96,67,"0.00"
2011-05-14,87,67,"2.52"
2011-05-15,82,62,"0.02"
2011-05-16,80,55,"0.00"
2011-05-17,79,55,"0.00"
2011-05-18,82,50,"0.00"
2011-05-19,91,52,"0.00"
2011-05-20,95,65,"0.00"
2011-05-21,95,62,"0.00"
2011-05-22,97,63,"0.00"
2011-05-23,97,66,"0.00"
2011-05-24,96,70,"0.00"
2011-05-25,98,65,"0.00"
2011-05-26,95,67,"T"
2011-05-27,92,70,"T"
2011-05-28,95,66,"0.00"
2011-05-29,96,70,"0.00"
2011-05-30,94,66,"0.00"
2011-05-31,96,65,"0.00"
2011-06-01,98,68,"0.00"
2011-06-02,95,66,"0.00"
2011-06-03,97,65,"0.00"
2011-06-04,98,69,"0.00"
2011-06-05,99,67,"0.00"
2011-06-06,97,73,"0.14"
2011-06-07,95,71,"0.00"
2011-06-08,93,66,"0.00"
2011-06-09,93,60,"0.00"
2011-06-10,96,67,"0.00"
2011-06-11,94,67,"0.00"
2011-06-12,98,69,"0.00"
2011-06-13,98,72,"0.05"
2011-06-14,99,71,"0.00"
2011-06-15,103,70,"0.17"
2011-06-16,96,70,"0.03"
2011-06-17,96,74,"0.23"
2011-06-18,93,68,"0.00"
2011-06-19,98,72,"0.00"
2011-06-20,99,71,"0.00"
2011-06-21,100,72,"0.01"
2011-06-22,99,69,"T"
2011-06-23,96,74,"1.35"
2011-06-24,92,72,"T"
2011-06-25,93,73,"0.00"
2011-06-26,93,72,"0.00"
2011-06-27,91,70,"2.99"
2011-06-28,87,71,"0.17"
2011-06-29,91,70,"0.18"
2011-06-30,89,73,"0.47"
2011-07-01,93,69,"0.00"
2011-07-02,93,68,"0.00"
2011-07-03,94,66,"0.00"
2011-07-04,94,67,"0.00"
2011-07-05,97,71,"0.00"
2011-07-06,95,73,"0.00"
2011-07-07,91,71,"0.36"
2011-07-08,79,74,"0.28"
2011-07-09,88,75,"0.81"
2011-07-10,90,74,"0.29"
2011-07-11,89,76,"0.24"
2011-07-12,92,75,"0.00"
2011-07-13,93,77,"0.01"
2011-07-14,93,76,"0.06"
2011-07-15,91,74,"0.15"
2011-07-16,87,73,"T"
2011-07-17,90,74,"0.00"
2011-07-18,90,66,"T"
2011-07-19,93,63,"0.00"
2011-07-20,96,71,"0.00"
2011-07-21,96,73,"0.17"
2011-07-22,97,73,"0.56"
2011-07-23,95,72,"0.00"
2011-07-24,93,73,"0.08"
2011-07-25,92,72,"0.15"
2011-07-26,88,74,"0.23"
2011-07-27,91,74,"T"
2011-07-28,95,71,"0.00"
2011-07-29,96,73,"0.00"
2011-07-30,97,74,"0.00"
2011-07-31,95,77,"0.11"
2011-08-01,91,74,"0.15"
2011-08-02,93,74,"2.01"
2011-08-03,96,72,"0.00"
2011-08-04,98,74,"0.00"
2011-08-05,97,78,"0.00"
2011-08-06,93,76,"0.01"
2011-08-07,94,76,"0.15"
2011-08-08,91,75,"0.20"
2011-08-09,86,75,"0.39"
2011-08-10,93,72,"0.00"
2011-08-11,96,78,"0.00"
2011-08-12,97,74,"0.11"
2011-08-13,95,73,"0.00"
2011-08-14,94,76,"T"
2011-08-15,95,77,"0.00"
2011-08-16,94,71,"0.00"
2011-08-17,94,72,"T"
2011-08-18,91,72,"T"
2011-08-19,91,71,"T"
2011-08-20,93,72,"0.01"
2011-08-21,91,72,"0.06"
2011-08-22,93,73,"0.02"
2011-08-23,95,72,"0.04"
2011-08-24,94,68,"T"
2011-08-25,92,75,"0.03"
2011-08-26,96,76,"0.00"
2011-08-27,100,80,"0.00"
2011-08-28,98,76,"0.00"
2011-08-29,97,73,"0.00"
2011-08-30,93,71,"T"
2011-08-31,93,74,"0.12"
2011-09-01,92,72,"0.00"
2011-09-02,93,68,"0.00"
2011-09-03,92,66,"0.00"
2011-09-04,88,73,"T"
2011-09-05,96,76,"0.23"
2011-09-06,80,70,"0.88"
2011-09-07,82,68,"0.00"
2011-09-08,86,61,"0.00"
2011-09-09,82,67,"T"
2011-09-10,92,68,"0.00"
2011-09-11,92,68,"0.00"
2011-09-12,93,66,"0.00"
2011-09-13,93,63,"0.00"
2011-09-14,94,64,"0.00"
2011-09-15,94,66,"0.00"
2011-09-16,94,70,"T"
2011-09-17,87,72,"T"
2011-09-18,85,68,"0.00"
2011-09-19,91,70,"0.01"
2011-09-20,92,73,"0.07"
2011-09-21,94,70,"0.13"
2011-09-22,89,71,"0.15"
2011-09-23,92,72,"0.37"
2011-09-24,92,71,"0.00"
2011-09-25,90,70,"0.02"
2011-09-26,88,72,"T"
2011-09-27,92,69,"0.00"
2011-09-28,93,69,"T"
2011-09-29,90,68,"0.00"
2011-09-30,90,66,"0.00"
2011-10-01,81,53,"0.00"
2011-10-02,81,46,"0.00"
2011-10-03,84,48,"0.00"
2011-10-04,86,46,"0.00"
2011-10-05,86,54,"0.00"
2011-10-06,85,61,"0.12"
2011-10-07,86,67,"0.00"
2011-10-08,77,69,"0.28"
2011-10-09,82,70,"0.37"
2011-10-10,83,71,"1.31"
2011-10-11,88,67,"0.00"
2011-10-12,84,68,"T"
2011-10-13,88,66,"0.00"
2011-10-14,84,56,"0.00"
2011-10-15,85,54,"0.00"
2011-10-16,88,59,"0.00"
2011-10-17,87,59,"0.00"
2011-10-18,86,70,"0.04"
2011-10-19,81,57,"0.01"
2011-10-20,68,43,"0.00"
2011-10-21,72,39,"0.00"
2011-10-22,75,39,"0.00"
2011-10-23,78,42,"0.00"
2011-10-24,80,51,"0.00"
2011-10-25,82,47,"0.00"
2011-10-26,83,56,"0.00"
2011-10-27,84,62,"0.00"
2011-10-28,81,64,"T"
2011-10-29,73,53,"0.37"
2011-10-30,77,49,"0.00"
2011-10-31,79,57,"0.23"
2011-11-01,74,52,"0.00"
2011-11-02,79,53,"0.00"
2011-11-03,82,53,"0.00"
2011-11-04,68,49,"0.03"
2011-11-05,65,51,"0.00"
2011-11-06,73,55,"T"
2011-11-07,76,63,"T"
2011-11-08,81,61,"T"
2011-11-09,80,52,"0.00"
2011-11-10,80,47,"T"
2011-11-11,65,36,"0.00"
2011-11-12,74,30,"0.00"
2011-11-13,80,44,"0.00"
2011-11-14,84,49,"0.00"
2011-11-15,84,60,"0.00"
2011-11-16,86,68,"0.00"
2011-11-17,81,56,"0.94"
2011-11-18,72,46,"0.00"
2011-11-19,72,54,"T"
2011-11-20,83,57,"0.00"
2011-11-21,83,55,"0.00"
2011-11-22,82,58,"0.02"
2011-11-23,79,60,"0.48"
2011-11-24,72,51,"0.00"
2011-11-25,77,53,"0.00"
2011-11-26,81,51,"0.00"
2011-11-27,81,56,"0.00"
2011-11-28,75,53,"0.15"
2011-11-29,65,46,"T"
2011-11-30,59,38,"0.00"
2011-12-01,68,34,"0.00"
2011-12-02,72,43,"0.00"
2011-12-03,76,47,"0.00"
2011-12-04,73,53,"T"
2011-12-05,81,49,"0.00"
2011-12-06,80,58,"0.00"
2011-12-07,79,41,"0.06"
2011-12-08,62,35,"0.00"
2011-12-09,73,51,"T"
2011-12-10,62,53,"0.04"
2011-12-11,64,53,"0.00"
2011-12-12,62,56,"0.26"
2011-12-13,66,49,"0.00"
2011-12-14,76,49,"0.00"
2011-12-15,77,48,"0.00"
2011-12-16,76,50,"0.00"
2011-12-17,75,49,"0.00"
2011-12-18,66,38,"0.00"
2011-12-19,75,40,"0.00"
2011-12-20,77,48,"0.00"
2011-12-21,77,56,"0.00"
2011-12-22,82,52,"0.00"
2011-12-23,80,57,"T"
2011-12-24,77,60,"0.00"
2011-12-25,79,58,"0.00"
2011-12-26,73,56,"0.00"
2011-12-27,70,48,"0.13"
2011-12-28,63,37,"0.00"
2011-12-29,66,38,"0.00"
2011-12-30,72,38,"0.00"
2011-12-31,78,47,"0.00"
2012-01-01,75,46,"0.00"
2012-01-02,64,41,"0.06"
2012-01-03,46,25,"0.00"
2012-01-04,56,20,"0.00"
2012-01-05,69,27,"0.00"
2012-01-06,72,41,"0.00"
2012-01-07,74,45,"0.00"
2012-01-08,78,43,"0.00"
2012-01-09,78,47,"0.00"
2012-01-10,72,50,"0.00"
2012-01-11,73,62,"0.02"
2012-01-12,73,51,"0.00"
2012-01-13,61,43,"0.00"
2012-01-14,61,29,"0.00"
2012-01-15,70,30,"0.00"
2012-01-16,74,32,"0.00"
2012-01-17,79,43,"0.00"
2012-01-18,66,50,"0.56"
2012-01-19,67,36,"0.00"
2012-01-20,78,37,"0.00"
2012-01-21,73,48,"0.00"
2012-01-22,79,49,"0.00"
2012-01-23,81,56,"0.00"
2012-01-24,83,55,"0.00"
2012-01-25,80,55,"0.00"
2012-01-26,83,58,"0.00"
2012-01-27,73,47,"0.21"
2012-01-28,72,39,"0.00"
2012-01-29,71,37,"0.00"
2012-01-30,70,31,"0.00"
2012-01-31,73,38,"0.00"
2012-02-01,78,53,"0.00"
2012-02-02,81,55,"0.00"
2012-02-03,80,54,"0.00"
2012-02-04,79,57,"0.00"
2012-02-05,80,54,"T"
2012-02-06,79,56,"0.01"
2012-02-07,74,52,"0.00"
2012-02-08,75,46,"0.00"
2012-02-09,69,47,"0.00"
2012-02-10,77,51,"0.04"
2012-02-11,63,39,"0.04"
2012-02-12,51,25,"0.00"
2012-02-13,62,20,"0.00"
2012-02-14,76,38,"T"
2012-02-15,79,59,"0.01"
2012-02-16,79,57,"T"
2012-02-17,74,64,"T"
2012-02-18,76,62,"0.00"
2012-02-19,79,55,"T"
2012-02-20,66,47,"0.00"
2012-02-21,70,45,"0.00"
2012-02-22,76,47,"0.21"
2012-02-23,80,65,"T"
2012-02-24,84,61,"0.02"
2012-02-25,66,51,"T"
2012-02-26,58,47,"0.25"
2012-02-27,76,57,"0.48"
2012-02-28,72,58,"0.00"
2012-02-29,84,62,"0.00"
2012-03-01,79,65,"0.00"
2012-03-02,83,66,"0.00"
2012-03-03,86,68,"0.00"
2012-03-04,77,39,"0.45"
2012-03-05,77,35,"0.00"
2012-03-06,77,46,"0.00"
2012-03-07,77,48,"0.00"
2012-03-08,84,51,"0.00"
2012-03-09,82,60,"T"
2012-03-10,73,61,"T"
2012-03-11,73,61,"0.01"
2012-03-12,82,61,"0.00"
2012-03-13,84,53,"0.00"
2012-03-14,85,54,"0.25"
2012-03-15,86,54,"0.00"
2012-03-16,86,54,"0.00"
2012-03-17,87,54,"0.55"
2012-03-18,86,52,"0.00"
2012-03-19,85,53,"0.00"
2012-03-20,84,54,"0.00"
2012-03-21,85,62,"T"
2012-03-22,87,60,"0.00"
2012-03-23,88,63,"0.02"
2012-03-24,81,60,"0.09"
2012-03-25,82,52,"0.00"
2012-03-26,84,51,"0.00"
2012-03-27,87,51,"0.00"
2012-03-28,84,54,"0.00"
2012-03-29,86,57,"0.00"
2012-03-30,87,54,"0.00"
2012-03-31,82,59,"1.97"
2012-04-01,86,58,"0.00"
2012-04-02,90,64,"0.00"
2012-04-03,91,65,"0.00"
2012-04-04,88,64,"0.00"
2012-04-05,87,64,"T"
2012-04-06,82,61,"T"
2012-04-07,77,48,"0.00"
2012-04-08,79,46,"0.00"
2012-04-09,84,49,"0.00"
2012-04-10,85,53,"0.00"
2012-04-11,84,59,"0.00"
2012-04-12,79,53,"0.00"
2012-04-13,85,55,"0.00"
2012-04-14,85,56,"0.00"
2012-04-15,85,55,"0.00"
2012-04-16,87,54,"0.00"
2012-04-17,88,57,"0.00"
2012-04-18,85,64,"0.02"
2012-04-19,86,61,"0.03"
2012-04-20,88,60,"0.00"
2012-04-21,83,64,"0.05"
2012-04-22,78,60,"0.81"
2012-04-23,72,51,"0.00"
2012-04-24,74,40,"0.00"
2012-04-25,83,45,"0.00"
2012-04-26,87,50,"0.00"
2012-04-27,89,55,"0.00"
2012-04-28,91,55,"0.00"
2012-04-29,91,62,"0.00"
2012-04-30,91,62,"0.00"
2012-05-01,92,65,"0.00"
2012-05-02,93,65,"0.00"
2012-05-03,91,61,"0.00"
2012-05-04,91,66,"0.00"
2012-05-05,94,63,"0.00"
2012-05-06,94,67,"0.00"
2012-05-07,94,62,"0.17"
2012-05-08,91,66,"0.00"
2012-05-09,92,65,"0.05"
2012-05-10,85,62,"0.00"
2012-05-11,90,55,"0.00"
2012-05-12,88,59,"0.00"
2012-05-13,86,62,"T"
2012-05-14,90,66,"0.00"
2012-05-15,87,67,"0.63"
2012-05-16,76,69,"0.11"
2012-05-17,87,65,"0.77"
2012-05-18,85,62,"0.01"
2012-05-19,86,62,"0.00"
2012-05-20,87,54,"0.00"
2012-05-21,90,56,"0.00"
2012-05-22,90,62,"0.00"
2012-05-23,93,63,"0.00"
2012-05-24,96,65,"0.00"
2012-05-25,94,65,"0.00"
2012-05-26,96,62,"0.00"
2012-05-27,90,66,"0.12"
2012-05-28,86,71,"3.25"
2012-05-29,83,72,"1.66"
2012-05-30,94,70,"0.06"
2012-05-31,93,70,"0.09"
2012-06-01,87,71,"0.01"
2012-06-02,91,66,"0.00"
2012-06-03,92,62,"0.00"
2012-06-04,93,70,"0.00"
2012-06-05,92,74,"0.10"
2012-06-06,90,73,"T"
2012-06-07,86,72,"0.52"
2012-06-08,79,72,"0.17"
2012-06-09,88,71,"0.75"
2012-06-10,92,73,"0.10"
2012-06-11,94,70,"0.00"
2012-06-12,94,71,"0.02"
2012-06-13,94,73,"0.27"
2012-06-14,89,70,"2.03"
2012-06-15,84,68,"T"
2012-06-16,87,65,"0.00"
2012-06-17,88,66,"0.00"
2012-06-18,90,65,"0.00"
2012-06-19,89,62,"0.00"
2012-06-20,88,68,"T"
2012-06-21,87,73,"0.01"
2012-06-22,91,73,"0.35"
2012-06-23,89,72,"T"
2012-06-24,77,73,"6.95"
2012-06-25,86,74,"3.47"
2012-06-26,82,72,"1.60"
2012-06-27,83,68,"0.00"
2012-06-28,91,62,"0.00"
2012-06-29,93,67,"0.00"
2012-06-30,92,72,"0.00"
2012-07-01,93,74,"0.00"
2012-07-02,95,72,"T"
2012-07-03,93,70,"T"
2012-07-04,94,72,"0.00"
2012-07-05,93,71,"0.02"
2012-07-06,93,73,"0.12"
2012-07-07,95,73,"T"
2012-07-08,96,73,"0.43"
2012-07-09,94,73,"0.00"
2012-07-10,95,72,"0.01"
2012-07-11,92,71,"T"
2012-07-12,92,70,"0.57"
2012-07-13,90,74,"0.14"
2012-07-14,93,73,"T"
2012-07-15,91,72,"T"
2012-07-16,92,70,"0.57"
2012-07-17,91,69,"T"
2012-07-18,87,71,"0.00"
2012-07-19,86,74,"0.19"
2012-07-20,92,73,"0.00"
2012-07-21,94,70,"T"
2012-07-22,94,73,"T"
2012-07-23,91,71,"T"
2012-07-24,89,70,"0.06"
2012-07-25,93,73,"0.01"
2012-07-26,94,74,"0.00"
2012-07-27,94,75,"0.00"
2012-07-28,93,73,"T"
2012-07-29,94,74,"0.02"
2012-07-30,90,72,"0.58"
2012-07-31,90,72,"0.02"
2012-08-01,90,73,"0.42"
2012-08-02,93,74,"0.00"
2012-08-03,94,70,"0.00"
2012-08-04,90,72,"0.58"
2012-08-05,88,73,"1.06"
2012-08-06,92,73,"0.17"
2012-08-07,88,73,"0.11"
2012-08-08,91,73,"T"
2012-08-09,90,72,"T"
2012-08-10,94,73,"0.00"
2012-08-11,92,72,"T"
2012-08-12,92,73,"T"
2012-08-13,91,74,"T"
2012-08-14,90,70,"0.18"
2012-08-15,92,73,"T"
2012-08-16,90,72,"0.20"
2012-08-17,87,73,"0.46"
2012-08-18,89,73,"0.14"
2012-08-19,89,74,"1.50"
2012-08-20,89,72,"1.99"
2012-08-21,79,70,"1.60"
2012-08-22,82,69,"T"
2012-08-23,82,68,"0.01"
2012-08-24,89,64,"0.00"
2012-08-25,89,69,"0.00"
2012-08-26,89,71,"0.19"
2012-08-27,80,76,"0.67"
2012-08-28,92,75,"0.50"
2012-08-29,89,74,"0.10"
2012-08-30,92,72,"0.07"
2012-08-31,92,74,"0.00"
2012-09-01,93,75,"0.00"
2012-09-02,90,72,"0.29"
2012-09-03,90,73,"0.00"
2012-09-04,91,73,"0.01"
2012-09-05,91,71,"0.00"
2012-09-06,89,71,"0.00"
2012-09-07,90,72,"1.76"
2012-09-08,90,72,"0.21"
2012-09-09,87,75,"0.80"
2012-09-10,90,71,"0.00"
2012-09-11,87,70,"0.00"
2012-09-12,88,70,"0.02"
2012-09-13,89,70,"T"
2012-09-14,89,71,"T"
2012-09-15,89,71,"T"
2012-09-16,89,72,"0.01"
2012-09-17,89,70,"0.00"
2012-09-18,79,71,"1.53"
2012-09-19,87,70,"T"
2012-09-20,87,69,"1.63"
2012-09-21,87,71,"T"
2012-09-22,90,70,"0.00"
2012-09-23,90,61,"0.00"
2012-09-24,86,58,"0.00"
2012-09-25,85,69,"0.00"
2012-09-26,90,68,"0.00"
2012-09-27,91,70,"T"
2012-09-28,90,69,"0.00"
2012-09-29,89,68,"0.00"
2012-09-30,90,71,"T"
2012-10-01,88,70,"0.51"
2012-10-02,87,73,"0.06"
2012-10-03,83,73,"0.22"
2012-10-04,90,71,"T"
2012-10-05,90,72,"0.06"
2012-10-06,89,70,"0.00"
2012-10-07,90,67,"0.00"
2012-10-08,84,70,"0.01"
2012-10-09,76,65,"0.00"
2012-10-10,81,61,"0.00"
2012-10-11,83,58,"0.00"
2012-10-12,85,57,"0.00"
2012-10-13,85,61,"T"
2012-10-14,87,67,"T"
2012-10-15,86,64,"T"
2012-10-16,82,62,"0.00"
2012-10-17,80,60,"0.00"
2012-10-18,87,63,"0.00"
2012-10-19,83,64,"0.01"
2012-10-20,80,52,"0.00"
2012-10-21,81,50,"0.00"
2012-10-22,83,53,"0.00"
2012-10-23,85,59,"0.00"
2012-10-24,86,64,"0.00"
2012-10-25,86,68,"0.02"
2012-10-26,82,70,"T"
2012-10-27,73,64,"0.00"
2012-10-28,71,56,"0.00"
2012-10-29,66,46,"0.00"
2012-10-30,64,41,"0.00"
2012-10-31,72,46,"0.00"
2012-11-01,74,49,"T"
2012-11-02,77,44,"0.00"
2012-11-03,84,53,"0.00"
2012-11-04,79,55,"0.00"
2012-11-05,77,51,"0.00"
2012-11-06,75,50,"0.04"
2012-11-07,64,45,"0.00"
2012-11-08,67,40,"0.00"
2012-11-09,72,35,"0.00"
2012-11-10,76,37,"0.00"
2012-11-11,82,51,"T"
2012-11-12,82,55,"T"
2012-11-13,81,57,"0.01"
2012-11-14,68,57,"T"
2012-11-15,60,54,"0.00"
2012-11-16,60,51,"0.00"
2012-11-17,68,53,"0.00"
2012-11-18,72,53,"0.00"
2012-11-19,61,52,"0.00"
2012-11-20,73,55,"T"
2012-11-21,73,47,"0.00"
2012-11-22,71,39,"0.00"
2012-11-23,73,35,"0.00"
2012-11-24,69,35,"0.00"
2012-11-25,68,32,"0.00"
2012-11-26,74,31,"0.00"
2012-11-27,79,48,"T"
2012-11-28,62,51,"T"
2012-11-29,76,46,"0.00"
2012-11-30,77,49,"0.00"
2012-12-01,78,48,"T"
2012-12-02,80,51,"0.00"
2012-12-03,76,55,"0.00"
2012-12-04,79,51,"0.00"
2012-12-05,77,47,"0.00"
2012-12-06,79,60,"0.00"
2012-12-07,72,57,"0.00"
2012-12-08,71,57,"0.00"
2012-12-09,77,56,"0.00"
2012-12-10,82,50,"3.56"
2012-12-11,79,65,"0.00"
2012-12-12,65,57,"0.98"
2012-12-13,59,48,"T"
2012-12-14,61,47,"0.00"
2012-12-15,78,50,"T"
2012-12-16,78,52,"0.00"
2012-12-17,79,54,"T"
2012-12-18,75,45,"T"
2012-12-19,73,38,"0.00"
2012-12-20,81,45,"0.55"
2012-12-21,60,40,"0.00"
2012-12-22,60,30,"0.00"
2012-12-23,65,28,"0.00"
2012-12-24,68,45,"0.00"
2012-12-25,74,49,"0.00"
2012-12-26,70,42,"0.80"
2012-12-27,59,34,"0.00"
2012-12-28,65,32,"0.00"
2012-12-29,71,41,"1.04"
2012-12-30,55,32,"0.00"
2012-12-31,69,34,"0.00"
2013-01-01,76,45,"0.00"
2013-01-02,78,58,"0.00"
2013-01-03,64,49,"0.15"
2013-01-04,61,46,"0.00"
2013-01-05,69,40,"0.00"
2013-01-06,67,55,"0.04"
2013-01-07,65,47,"0.00"
2013-01-08,78,55,"0.00"
2013-01-09,80,63,"0.00"
2013-01-10,83,64,"0.00"
2013-01-11,83,55,"0.00"
2013-01-12,82,58,"0.00"
2013-01-13,81,58,"0.00"
2013-01-14,82,56,"0.00"
2013-01-15,82,53,"0.00"
2013-01-16,81,56,"0.00"
2013-01-17,67,41,"0.01"
2013-01-18,63,38,"T"
2013-01-19,72,47,"0.00"
2013-01-20,74,49,"0.00"
2013-01-21,70,46,"0.00"
2013-01-22,63,38,"0.00"
2013-01-23,65,31,"0.00"
2013-01-24,74,39,"0.00"
2013-01-25,74,48,"0.00"
2013-01-26,74,46,"0.00"
2013-01-27,76,50,"0.00"
2013-01-28,79,55,"0.00"
2013-01-29,82,59,"0.00"
2013-01-30,84,57,"0.13"
2013-01-31,60,38,"T"
2013-02-01,68,34,"0.00"
2013-02-02,67,30,"0.00"
2013-02-03,68,36,"0.00"
2013-02-04,65,34,"0.00"
2013-02-05,72,37,"T"
2013-02-06,73,56,"0.02"
2013-02-07,78,55,"0.27"
2013-02-08,73,52,"0.00"
2013-02-09,71,48,"0.00"
2013-02-10,77,46,"0.00"
2013-02-11,83,59,"0.00"
2013-02-12,83,64,"0.00"
2013-02-13,77,62,"0.04"
2013-02-14,64,47,"0.09"
2013-02-15,67,39,"0.00"
2013-02-16,57,40,"0.00"
2013-02-17,54,27,"0.00"
2013-02-18,65,24,"0.00"
2013-02-19,78,40,"T"
2013-02-20,70,48,"0.00"
2013-02-21,79,40,"0.00"
2013-02-22,86,54,"0.00"
2013-02-23,82,59,"0.14"
2013-02-24,72,61,"0.01"
2013-02-25,75,59,"0.54"
2013-02-26,78,58,"0.53"
2013-02-27,68,52,"0.00"
2013-02-28,72,44,"0.00"
2013-03-01,61,46,"0.00"
2013-03-02,56,33,"0.00"
2013-03-03,51,28,"0.00"
2013-03-04,65,27,"0.00"
2013-03-05,76,36,"0.00"
2013-03-06,66,41,"0.02"
2013-03-07,67,34,"0.00"
2013-03-08,75,34,"0.00"
2013-03-09,73,36,"0.00"
2013-03-10,79,46,"0.00"
2013-03-11,78,52,"T"
2013-03-12,69,49,"0.30"
2013-03-13,73,44,"0.00"
2013-03-14,64,37,"0.00"
2013-03-15,74,32,"0.00"
2013-03-16,79,41,"0.00"
2013-03-17,75,42,"0.06"
2013-03-18,78,57,"0.02"
2013-03-19,82,58,"0.06"
2013-03-20,74,49,"0.11"
2013-03-21,69,39,"0.00"
2013-03-22,71,39,"T"
2013-03-23,79,51,"0.11"
2013-03-24,83,64,"0.30"
2013-03-25,68,45,"0.00"
2013-03-26,58,34,"0.00"
2013-03-27,62,30,"0.00"
2013-03-28,70,32,"0.00"
2013-03-29,74,35,"0.00"
2013-03-30,78,39,"T"
2013-03-31,82,49,"0.00"
2013-04-01,82,58,"T"
2013-04-02,84,49,"0.00"
2013-04-03,81,52,"0.53"
2013-04-04,76,64,"0.04"
2013-04-05,68,52,"0.02"
2013-04-06,76,46,"0.00"
2013-04-07,81,50,"0.00"
2013-04-08,86,52,"0.00"
2013-04-09,87,57,"0.00"
2013-04-10,87,54,"0.00"
2013-04-11,90,68,"0.15"
2013-04-12,85,71,"T"
2013-04-13,84,59,"0.00"
2013-04-14,80,56,"1.73"
2013-04-15,88,59,"0.00"
2013-04-16,87,61,"0.00"
2013-04-17,84,63,"0.00"
2013-04-18,88,60,"0.00"
2013-04-19,89,64,"0.06"
2013-04-20,64,48,"0.34"
2013-04-21,71,51,"0.24"
2013-04-22,69,56,"0.00"
2013-04-23,80,51,"0.00"
2013-04-24,86,51,"0.00"
2013-04-25,87,57,"0.00"
2013-04-26,85,59,"0.00"
2013-04-27,85,57,"0.00"
2013-04-28,85,59,"T"
2013-04-29,83,62,"0.37"
2013-04-30,88,63,"T"
2013-05-01,79,64,"T"
2013-05-02,77,66,"1.52"
2013-05-03,70,65,"1.79"
2013-05-04,74,65,"0.15"
2013-05-05,77,56,"T"
2013-05-06,74,52,"0.00"
2013-05-07,78,51,"T"
2013-05-08,82,52,"T"
2013-05-09,84,57,"0.00"
2013-05-10,90,58,"0.00"
2013-05-11,88,63,"0.17"
2013-05-12,86,65,"0.00"
2013-05-13,78,55,"0.00"
2013-05-14,81,45,"0.00"
2013-05-15,86,51,"0.00"
2013-05-16,86,59,"0.00"
2013-05-17,89,61,"0.00"
2013-05-18,90,65,"0.20"
2013-05-19,90,69,"0.00"
2013-05-20,89,67,"0.69"
2013-05-21,87,64,"0.02"
2013-05-22,89,65,"0.02"
2013-05-23,91,65,"0.00"
2013-05-24,90,63,"0.00"
2013-05-25,85,58,"0.00"
2013-05-26,87,53,"0.00"
2013-05-27,88,56,"0.00"
2013-05-28,89,59,"0.00"
2013-05-29,90,67,"T"
2013-05-30,90,70,"0.00"
2013-05-31,87,68,"0.01"
2013-06-01,89,69,"0.00"
2013-06-02,93,72,"1.56"
2013-06-03,92,71,"0.60"
2013-06-04,87,71,"0.22"
2013-06-05,83,71,"0.10"
2013-06-06,80,72,"1.56"
2013-06-07,89,70,"0.02"
2013-06-08,92,71,"0.02"
2013-06-09,91,70,"0.21"
2013-06-10,91,73,"0.12"
2013-06-11,92,72,"0.00"
2013-06-12,95,71,"0.00"
2013-06-13,95,75,"0.00"
2013-06-14,91,73,"0.38"
2013-06-15,88,73,"0.00"
2013-06-16,90,72,"0.60"
2013-06-17,93,73,"0.00"
2013-06-18,93,71,"0.00"
2013-06-19,93,72,"0.00"
2013-06-20,93,73,"T"
2013-06-21,90,71,"0.11"
2013-06-22,89,68,"0.00"
2013-06-23,92,71,"0.00"
2013-06-24,92,72,"T"
2013-06-25,92,73,"T"
2013-06-26,93,71,"0.24"
2013-06-27,90,69,"0.06"
2013-06-28,91,75,"T"
2013-06-29,85,74,"0.18"
2013-06-30,87,73,"0.28"
2013-07-01,82,72,"1.36"
2013-07-02,90,73,"0.86"
2013-07-03,91,73,"0.21"
2013-07-04,90,72,"0.23"
2013-07-05,89,71,"0.44"
2013-07-06,91,73,"T"
2013-07-07,92,73,"0.00"
2013-07-08,92,76,"0.00"
2013-07-09,93,73,"0.00"
2013-07-10,92,71,"1.40"
2013-07-11,90,72,"1.09"
2013-07-12,89,72,"1.25"
2013-07-13,86,72,"1.14"
2013-07-14,85,72,"T"
2013-07-15,84,71,"0.12"
2013-07-16,91,73,"T"
2013-07-17,92,74,"0.00"
2013-07-18,91,73,"0.00"
2013-07-19,88,72,"1.75"
2013-07-20,86,72,"0.10"
2013-07-21,87,72,"0.26"
2013-07-22,87,73,"0.61"
2013-07-23,85,73,"1.88"
2013-07-24,86,72,"0.41"
2013-07-25,87,73,"0.00"
2013-07-26,95,74,"T"
2013-07-27,93,74,"0.00"
2013-07-28,89,73,"T"
2013-07-29,93,71,"0.00"
2013-07-30,93,75,"T"
2013-07-31,92,72,"3.55"
2013-08-01,88,73,"0.46"
2013-08-02,92,71,"0.00"
2013-08-03,92,74,"0.15"
2013-08-04,92,76,"T"
2013-08-05,95,78,"0.00"
2013-08-06,94,74,"0.24"
2013-08-07,91,75,"T"
2013-08-08,92,76,"T"
2013-08-09,90,73,"0.33"
2013-08-10,93,72,"0.00"
2013-08-11,94,76,"0.00"
2013-08-12,96,74,"0.17"
2013-08-13,94,74,"0.00"
2013-08-14,94,74,"0.01"
2013-08-15,92,73,"0.00"
2013-08-16,87,73,"0.55"
2013-08-17,90,74,"0.28"
2013-08-18,90,72,"0.10"
2013-08-19,92,75,"0.00"
2013-08-20,93,72,"T"
2013-08-21,90,72,"0.00"
2013-08-22,89,74,"0.14"
2013-08-23,87,73,"0.34"
2013-08-24,90,73,"0.00"
2013-08-25,85,74,"0.02"
2013-08-26,89,72,"T"
2013-08-27,89,71,"T"
2013-08-28,91,69,"0.00"
2013-08-29,92,71,"0.00"
2013-08-30,93,75,"0.00"
2013-08-31,91,72,"0.01"
2013-09-01,91,72,"T"
2013-09-02,91,71,"0.06"
2013-09-03,88,73,"0.22"
2013-09-04,94,72,"0.05"
2013-09-05,93,71,"0.00"
2013-09-06,94,71,"0.21"
2013-09-07,91,69,"T"
2013-09-08,90,68,"0.00"
2013-09-09,91,66,"0.00"
2013-09-10,90,66,"0.00"
2013-09-11,90,71,"T"
2013-09-12,90,69,"0.00"
2013-09-13,92,69,"0.00"
2013-09-14,92,68,"0.00"
2013-09-15,94,71,"0.17"
2013-09-16,93,73,"0.00"
2013-09-17,92,70,"0.00"
2013-09-18,87,71,"0.00"
2013-09-19,90,69,"0.01"
2013-09-20,90,65,"0.00"
2013-09-21,89,66,"0.00"
2013-09-22,82,73,"0.41"
2013-09-23,82,73,"0.36"
2013-09-24,84,74,"1.54"
2013-09-25,84,71,"0.03"
2013-09-26,87,70,"T"
2013-09-27,86,67,"0.00"
2013-09-28,79,68,"0.14"
2013-09-29,86,67,"0.00"
2013-09-30,87,67,"T"
2013-10-01,86,68,"0.02"
2013-10-02,86,63,"0.00"
2013-10-03,88,66,"0.00"
2013-10-04,91,68,"0.00"
2013-10-05,90,67,"0.00"
2013-10-06,89,68,"0.00"
2013-10-07,85,70,"T"
2013-10-08,82,67,"0.00"
2013-10-09,73,57,"0.00"
2013-10-10,85,57,"0.00"
2013-10-11,85,57,"0.00"
2013-10-12,85,60,"0.00"
2013-10-13,87,56,"0.00"
2013-10-14,83,62,"0.00"
2013-10-15,74,67,"0.03"
2013-10-16,88,64,"0.00"
2013-10-17,88,63,"0.00"
2013-10-18,89,63,"0.00"
2013-10-19,89,68,"0.00"
2013-10-20,84,66,"0.00"
2013-10-21,87,66,"0.00"
2013-10-22,82,71,"0.03"
2013-10-23,78,51,"T"
2013-10-24,74,48,"0.00"
2013-10-25,78,46,"0.00"
2013-10-26,76,45,"0.00"
2013-10-27,78,43,"0.00"
2013-10-28,82,47,"0.00"
2013-10-29,84,54,"0.00"
2013-10-30,85,56,"0.00"
2013-10-31,86,60,"0.00"
2013-11-01,86,63,"T"
2013-11-02,76,53,"1.26"
2013-11-03,74,51,"0.00"
2013-11-04,77,55,"T"
2013-11-05,76,62,"T"
2013-11-06,80,66,"0.02"
2013-11-07,85,68,"T"
2013-11-08,73,52,"0.00"
2013-11-09,80,51,"0.00"
2013-11-10,81,58,"0.00"
2013-11-11,82,54,"0.00"
2013-11-12,80,62,"0.00"
2013-11-13,65,48,"0.00"
2013-11-14,76,45,"0.00"
2013-11-15,71,60,"0.11"
2013-11-16,80,59,"T"
2013-11-17,80,65,"0.16"
2013-11-18,75,66,"T"
2013-11-19,73,56,"0.00"
2013-11-20,76,55,"T"
2013-11-21,77,63,"T"
2013-11-22,79,60,"T"
2013-11-23,82,55,"T"
2013-11-24,66,45,"0.00"
2013-11-25,74,45,"0.00"
2013-11-26,77,59,"1.71"
2013-11-27,69,35,"0.05"
2013-11-28,59,29,"0.00"
2013-11-29,69,42,"0.00"
2013-11-30,68,51,"T"
2013-12-01,74,51,"0.00"
2013-12-02,73,51,"0.00"
2013-12-03,76,44,"0.00"
2013-12-04,80,54,"0.00"
2013-12-05,83,54,"0.00"
2013-12-06,84,58,"0.00"
2013-12-07,83,60,"0.00"
2013-12-08,82,57,"0.00"
2013-12-09,83,61,"0.00"
2013-12-10,81,53,"0.29"
2013-12-11,71,49,"0.00"
2013-12-12,67,35,"0.00"
2013-12-13,70,34,"0.00"
2013-12-14,77,52,"1.39"
2013-12-15,68,46,"0.77"
2013-12-16,61,36,"0.00"
2013-12-17,68,34,"0.00"
2013-12-18,66,35,"0.00"
2013-12-19,72,32,"0.00"
2013-12-20,78,44,"0.00"
2013-12-21,84,56,"0.00"
2013-12-22,83,64,"0.00"
2013-12-23,83,63,"T"
2013-12-24,63,40,"0.00"
2013-12-25,69,36,"0.00"
2013-12-26,66,49,"0.00"
2013-12-27,62,50,"0.01"
2013-12-28,72,53,"0.01"
2013-12-29,71,57,"1.32"
2013-12-30,67,47,"0.00"
2013-12-31,65,47,"0.00"
2014-01-01,58,51,"0.82"
2014-01-02,65,52,"1.90"
2014-01-03,52,32,"0.00"
2014-01-04,59,33,"0.00"
2014-01-05,76,51,"0.00"
2014-01-06,66,36,"0.05"
2014-01-07,41,25,"0.00"
2014-01-08,53,30,"T"
2014-01-09,65,48,"0.17"
2014-01-10,79,61,"T"
2014-01-11,78,62,"0.28"
2014-01-12,66,42,"0.00"
2014-01-13,74,39,"T"
2014-01-14,70,46,"1.35"
2014-01-15,62,40,"T"
2014-01-16,51,32,"T"
2014-01-17,66,30,"0.00"
2014-01-18,54,32,"0.00"
2014-01-19,63,29,"0.02"
2014-01-20,67,33,"0.00"
2014-01-21,69,46,"T"
2014-01-22,50,29,"0.00"
2014-01-23,57,28,"0.00"
2014-01-24,52,35,"0.00"
2014-01-25,63,38,"T"
2014-01-26,65,39,"0.00"
2014-01-27,75,49,"T"
2014-01-28,68,44,"0.12"
2014-01-29,44,35,"0.37"
2014-01-30,46,34,"0.12"
2014-01-31,61,40,"T"
2014-02-01,77,53,"T"
2014-02-02,75,62,"0.00"
2014-02-03,84,57,"0.00"
2014-02-04,82,57,"0.00"
2014-02-05,77,63,"0.22"
2014-02-06,63,45,"0.59"
2014-02-07,53,47,"T"
2014-02-08,56,46,"0.18"
2014-02-09,70,37,"0.00"
2014-02-10,73,38,"0.00"
2014-02-11,76,41,"0.00"
2014-02-12,58,48,"0.28"
2014-02-13,61,39,"T"
2014-02-14,64,30,"0.00"
2014-02-15,64,43,"0.09"
2014-02-16,69,33,"0.00"
2014-02-17,75,38,"0.00"
2014-02-18,78,42,"0.00"
2014-02-19,82,52,"0.00"
2014-02-20,84,48,"0.00"
2014-02-21,73,60,"1.58"
2014-02-22,76,54,"0.00"
2014-02-23,64,52,"0.77"
2014-02-24,69,56,"0.03"
2014-02-25,78,56,"0.00"
2014-02-26,62,52,"0.63"
2014-02-27,58,44,"T"
2014-02-28,67,32,"0.00"
2014-03-01,73,41,"0.00"
2014-03-02,77,47,"0.00"
2014-03-03,80,49,"0.00"
2014-03-04,67,47,"0.00"
2014-03-05,54,46,"0.10"
2014-03-06,57,48,"0.91"
2014-03-07,48,41,"T"
2014-03-08,71,34,"0.00"
2014-03-09,76,41,"0.00"
2014-03-10,79,48,"0.00"
2014-03-11,79,48,"0.00"
2014-03-12,80,61,"0.01"
2014-03-13,64,42,"0.00"
2014-03-14,73,33,"0.00"
2014-03-15,77,45,"0.00"
2014-03-16,83,53,"0.00"
2014-03-17,65,59,"2.26"
2014-03-18,66,56,"0.32"
2014-03-19,70,51,"0.00"
2014-03-20,78,50,"0.00"
2014-03-21,80,49,"0.00"
2014-03-22,82,59,"0.00"
2014-03-23,79,56,"0.00"
2014-03-24,67,56,"T"
2014-03-25,74,50,"0.00"
2014-03-26,62,39,"0.00"
2014-03-27,70,44,"0.00"
2014-03-28,78,57,"1.08"
2014-03-29,75,62,"0.82"
2014-03-30,73,47,"0.00"
2014-03-31,80,44,"0.00"
2014-04-01,82,43,"0.00"
2014-04-02,84,46,"0.00"
2014-04-03,85,53,"0.00"
2014-04-04,83,54,"0.00"
2014-04-05,82,63,"T"
2014-04-06,85,63,"T"
2014-04-07,87,64,"T"
2014-04-08,77,56,"1.08"
2014-04-09,75,52,"0.00"
2014-04-10,78,48,"0.00"
2014-04-11,81,51,"0.00"
2014-04-12,83,57,"0.00"
2014-04-13,84,55,"0.00"
2014-04-14,86,63,"0.00"
2014-04-15,80,50,"0.15"
2014-04-16,69,42,"0.00"
2014-04-17,75,53,"0.00"
2014-04-18,73,62,"0.14"
2014-04-19,73,59,"T"
2014-04-20,65,56,"0.00"
2014-04-21,73,54,"0.00"
2014-04-22,82,52,"0.00"
2014-04-23,85,59,"0.00"
2014-04-24,86,62,"0.00"
2014-04-25,85,60,"0.00"
2014-04-26,86,65,"0.00"
2014-04-27,89,59,"0.00"
2014-04-28,91,63,"0.00"
2014-04-29,87,64,"1.23"
2014-04-30,82,65,"0.03"
2014-05-01,87,68,"0.03"
2014-05-02,71,59,"0.58"
2014-05-03,67,53,"0.20"
2014-05-04,85,53,"0.00"
2014-05-05,89,61,"0.00"
2014-05-06,89,56,"0.00"
2014-05-07,90,59,"0.00"
2014-05-08,91,63,"0.00"
2014-05-09,89,69,"0.00"
2014-05-10,88,68,"0.00"
2014-05-11,86,68,"0.03"
2014-05-12,89,64,"0.00"
2014-05-13,89,66,"0.00"
2014-05-14,87,66,"0.22"
2014-05-15,83,64,"1.31"
2014-05-16,78,53,"0.00"
2014-05-17,81,54,"0.00"
2014-05-18,84,49,"0.00"
2014-05-19,86,58,"0.00"
2014-05-20,84,59,"0.00"
2014-05-21,87,55,"0.00"
2014-05-22,90,62,"0.00"
2014-05-23,92,66,"0.00"
2014-05-24,93,70,"0.00"
2014-05-25,93,67,"0.12"
2014-05-26,89,66,"T"
2014-05-27,87,65,"0.00"
2014-05-28,88,66,"0.02"
2014-05-29,89,66,"0.06"
2014-05-30,89,65,"0.27"
2014-05-31,86,67,"T"
2014-06-01,85,68,"0.49"
2014-06-02,84,65,"0.00"
2014-06-03,85,61,"0.00"
2014-06-04,86,62,"0.00"
2014-06-05,89,63,"0.00"
2014-06-06,91,68,"0.00"
2014-06-07,89,68,"0.16"
2014-06-08,92,70,"0.10"
2014-06-09,93,69,"0.00"
2014-06-10,91,69,"0.16"
2014-06-11,86,68,"T"
2014-06-12,84,70,"T"
2014-06-13,85,70,"0.27"
2014-06-14,86,70,"1.56"
2014-06-15,90,68,"0.02"
2014-06-16,90,67,"0.64"
2014-06-17,90,66,"0.00"
2014-06-18,91,66,"0.00"
2014-06-19,91,67,"0.00"
2014-06-20,93,70,"0.68"
2014-06-21,90,69,"0.00"
2014-06-22,90,71,"0.21"
2014-06-23,86,69,"0.00"
2014-06-24,89,69,"0.24"
2014-06-25,92,71,"0.00"
2014-06-26,92,74,"0.00"
2014-06-27,93,73,"0.00"
2014-06-28,95,75,"0.00"
2014-06-29,94,72,"0.00"
2014-06-30,93,71,"0.00"
2014-07-01,93,71,"0.00"
2014-07-02,92,71,"0.00"
2014-07-03,93,71,"1.09"
2014-07-04,90,70,"0.03"
2014-07-05,92,69,"0.38"
2014-07-06,88,69,"0.37"
2014-07-07,89,69,"T"
2014-07-08,87,71,"0.04"
2014-07-09,90,69,"0.00"
2014-07-10,88,72,"0.00"
2014-07-11,92,70,"1.07"
2014-07-12,85,71,"0.20"
2014-07-13,90,70,"0.00"
2014-07-14,90,71,"0.13"
2014-07-15,88,71,"1.07"
2014-07-16,86,71,"0.31"
2014-07-17,90,69,"0.00"
2014-07-18,92,71,"0.00"
2014-07-19,90,72,"0.02"
2014-07-20,91,71,"0.09"
2014-07-21,89,71,"T"
2014-07-22,91,70,"1.99"
2014-07-23,92,71,"T"
2014-07-24,93,71,"0.00"
2014-07-25,92,73,"T"
2014-07-26,91,72,"T"
2014-07-27,92,75,"T"
2014-07-28,93,77,"0.00"
2014-07-29,93,73,"0.00"
2014-07-30,91,66,"0.00"
2014-07-31,91,66,"0.00"
2014-08-01,91,72,"0.00"
2014-08-02,93,69,"0.20"
2014-08-03,92,74,"T"
2014-08-04,89,74,"0.10"
2014-08-05,92,74,"0.00"
2014-08-06,94,72,"0.51"
2014-08-07,95,72,"0.00"
2014-08-08,91,72,"0.13"
2014-08-09,90,71,"0.17"
2014-08-10,91,72,"0.01"
2014-08-11,87,73,"0.12"
2014-08-12,84,73,"0.16"
2014-08-13,90,74,"0.70"
2014-08-14,88,73,"0.26"
2014-08-15,85,71,"0.00"
2014-08-16,92,70,"0.00"
2014-08-17,93,73,"0.00"
2014-08-18,90,72,"0.22"
2014-08-19,92,73,"0.17"
2014-08-20,92,73,"0.00"
2014-08-21,96,74,"0.06"
2014-08-22,97,72,"0.04"
2014-08-23,97,73,"0.12"
2014-08-24,96,73,"0.00"
2014-08-25,87,74,"T"
2014-08-26,91,71,"0.01"
2014-08-27,91,67,"0.00"
2014-08-28,92,63,"0.00"
2014-08-29,95,71,"0.42"
2014-08-30,93,71,"1.81"
2014-08-31,93,70,"T"
2014-09-01,93,72,"0.43"
2014-09-02,91,72,"0.13"
2014-09-03,91,72,"0.25"
2014-09-04,91,70,"T"
2014-09-05,89,71,"1.11"
2014-09-06,80,73,"T"
2014-09-07,86,72,"0.29"
2014-09-08,89,72,"0.37"
2014-09-09,89,72,"0.13"
2014-09-10,91,71,"T"
2014-09-11,92,70,"T"
2014-09-12,92,70,"0.00"
2014-09-13,91,73,"0.00"
2014-09-14,91,72,"T"
2014-09-15,90,71,"0.84"
2014-09-16,78,72,"0.29"
2014-09-17,86,70,"0.00"
2014-09-18,91,69,"T"
2014-09-19,82,68,"0.01"
2014-09-20,85,69,"T"
2014-09-21,88,65,"0.00"
2014-09-22,85,65,"0.08"
2014-09-23,79,70,"0.87"
2014-09-24,78,66,"0.00"
2014-09-25,79,64,"0.00"
2014-09-26,86,66,"T"
2014-09-27,86,73,"1.00"
2014-09-28,86,71,"0.84"
2014-09-29,79,71,"0.63"
2014-09-30,82,72,"0.01"
2014-10-01,83,71,"T"
2014-10-02,89,69,"0.00"
2014-10-03,88,69,"0.23"
2014-10-04,80,58,"T"
2014-10-05,74,47,"0.00"
2014-10-06,79,49,"0.00"
2014-10-07,83,62,"T"
2014-10-08,88,64,"0.00"
2014-10-09,88,64,"0.00"
2014-10-10,88,65,"0.00"
2014-10-11,89,61,"0.00"
2014-10-12,88,64,"0.00"
2014-10-13,89,68,"0.00"
2014-10-14,87,71,"0.04"
2014-10-15,78,57,"0.30"
2014-10-16,78,52,"0.00"
2014-10-17,80,50,"0.00"
2014-10-18,82,51,"0.00"
2014-10-19,81,59,"0.00"
2014-10-20,84,56,"0.00"
2014-10-21,83,60,"0.00"
2014-10-22,79,54,"0.00"
2014-10-23,77,46,"0.00"
2014-10-24,77,45,"0.00"
2014-10-25,78,46,"0.00"
2014-10-26,82,45,"0.00"
2014-10-27,87,54,"0.00"
2014-10-28,83,54,"0.00"
2014-10-29,83,58,"0.00"
2014-10-30,78,57,"0.98"
2014-10-31,74,51,"0.00"
2014-11-01,58,42,"0.00"
2014-11-02,64,37,"0.00"
2014-11-03,70,33,"0.00"
2014-11-04,77,48,"0.00"
2014-11-05,81,57,"0.00"
2014-11-06,80,55,"0.00"
2014-11-07,68,44,"0.00"
2014-11-08,67,43,"0.04"
2014-11-09,71,50,"0.06"
2014-11-10,77,51,"0.00"
2014-11-11,79,50,"0.00"
2014-11-12,77,43,"0.00"
2014-11-13,75,55,"0.00"
2014-11-14,64,43,"0.00"
2014-11-15,69,38,"0.00"
2014-11-16,80,50,"0.00"
2014-11-17,78,53,"0.47"
2014-11-18,53,33,"T"
2014-11-19,55,27,"0.00"
2014-11-20,64,24,"0.00"
2014-11-21,70,35,"0.00"
2014-11-22,72,47,"0.01"
2014-11-23,82,66,"0.21"
2014-11-24,83,71,"0.00"
2014-11-25,73,62,"1.33"
2014-11-26,63,38,"0.35"
2014-11-27,64,36,"0.00"
2014-11-28,57,34,"0.00"
2014-11-29,69,32,"0.00"
2014-11-30,76,42,"0.00"
2014-12-01,78,49,"T"
2014-12-02,80,58,"0.00"
2014-12-03,79,56,"0.00"
2014-12-04,81,55,"0.00"
2014-12-05,77,61,"0.00"
2014-12-06,81,61,"0.03"
2014-12-07,63,54,"0.00"
2014-12-08,57,48,"T"
2014-12-09,63,39,"T"
2014-12-10,60,33,"0.00"
2014-12-11,60,31,"0.00"
2014-12-12,66,34,"0.00"
2014-12-13,68,29,"0.00"
2014-12-14,71,32,"0.00"
2014-12-15,70,33,"0.00"
2014-12-16,75,35,"0.00"
2014-12-17,69,43,"0.00"
2014-12-18,64,40,"0.00"
2014-12-19,72,45,"0.00"
2014-12-20,73,43,"0.01"
2014-12-21,64,57,"0.25"
2014-12-22,73,61,"1.02"
2014-12-23,74,63,"1.28"
2014-12-24,79,60,"0.79"
2014-12-25,63,41,"0.00"
2014-12-26,71,37,"0.00"
2014-12-27,77,50,"0.00"
2014-12-28,79,57,"0.00"
2014-12-29,77,56,"T"
2014-12-30,70,56,"T"
2014-12-31,57,51,"T"
2015-01-01,66,49,"T"
2015-01-02,73,55,"0.00"
2015-01-03,83,61,"T"
2015-01-04,81,62,"0.08"
2015-01-05,66,44,"0.00"
2015-01-06,71,39,"0.00"
2015-01-07,65,32,"0.00"
2015-01-08,46,28,"0.00"
2015-01-09,56,36,"T"
2015-01-10,60,36,"0.00"
2015-01-11,68,47,"T"
2015-01-12,69,57,"0.77"
2015-01-13,69,58,"0.00"
2015-01-14,60,50,"0.00"
2015-01-15,50,46,"0.29"
2015-01-16,61,37,"0.03"
2015-01-17,68,33,"0.00"
2015-01-18,70,40,"0.00"
2015-01-19,68,32,"0.00"
2015-01-20,69,37,"0.00"
2015-01-21,76,45,"0.00"
2015-01-22,74,45,"0.00"
2015-01-23,69,58,"1.66"
2015-01-24,69,39,"0.26"
2015-01-25,62,33,"0.00"
2015-01-26,61,45,"0.15"
2015-01-27,66,37,"0.00"
2015-01-28,58,33,"0.00"
2015-01-29,67,30,"0.00"
2015-01-30,68,39,"0.00"
2015-01-31,66,33,"0.00"
2015-02-01,73,39,"0.00"
2015-02-02,68,41,"0.02"
2015-02-03,58,32,"0.00"
2015-02-04,59,47,"0.24"
2015-02-05,65,40,"0.35"
2015-02-06,62,37,"0.00"
2015-02-07,68,34,"0.00"
2015-02-08,74,39,"0.00"
2015-02-09,71,42,"0.02"
2015-02-10,63,43,"0.00"
2015-02-11,66,37,"0.00"
2015-02-12,71,39,"0.00"
2015-02-13,55,31,"0.00"
2015-02-14,63,27,"0.00"
2015-02-15,69,46,"0.00"
2015-02-16,74,42,"0.00"
2015-02-17,65,46,"1.08"
2015-02-18,57,35,"0.02"
2015-02-19,46,26,"0.00"
2015-02-20,53,22,"0.00"
2015-02-21,71,31,"0.00"
2015-02-22,80,47,"0.00"
2015-02-23,77,54,"0.14"
2015-02-24,65,53,"T"
2015-02-25,70,51,"T"
2015-02-26,72,49,"0.04"
2015-02-27,58,45,"0.00"
2015-02-28,59,49,"0.11"
2015-03-01,76,51,"0.11"
2015-03-02,82,57,"0.00"
2015-03-03,84,60,"0.00"
2015-03-04,84,59,"0.00"
2015-03-05,83,61,"T"
2015-03-06,67,45,"T"
2015-03-07,69,43,"0.00"
2015-03-08,76,39,"0.00"
2015-03-09,79,49,"0.00"
2015-03-10,86,56,"0.00"
2015-03-11,87,60,"T"
2015-03-12,85,64,"0.05"
2015-03-13,84,66,"T"
2015-03-14,85,65,"T"
2015-03-15,85,58,"0.00"
2015-03-16,84,53,"0.00"
2015-03-17,86,52,"0.00"
2015-03-18,82,60,"0.00"
2015-03-19,83,59,"0.17"
2015-03-20,85,60,"0.00"
2015-03-21,83,61,"0.00"
2015-03-22,83,64,"T"
2015-03-23,80,60,"0.42"
2015-03-24,71,57,"0.00"
2015-03-25,78,59,"0.00"
2015-03-26,81,57,"0.20"
2015-03-27,73,50,"0.22"
2015-03-28,66,41,"0.00"
2015-03-29,67,38,"0.00"
2015-03-30,78,39,"0.00"
2015-03-31,81,57,"0.00"
2015-04-01,83,64,"0.00"
2015-04-02,83,57,"0.00"
2015-04-03,86,58,"0.00"
2015-04-04,84,57,"0.48"
2015-04-05,77,62,"0.00"
2015-04-06,83,62,"T"
2015-04-07,85,61,"T"
2015-04-08,87,62,"0.00"
2015-04-09,86,61,"0.00"
2015-04-10,87,65,"0.00"
2015-04-11,83,62,"0.20"
2015-04-12,84,65,"0.04"
2015-04-13,82,65,"0.37"
2015-04-14,87,65,"0.05"
2015-04-15,85,67,"0.12"
2015-04-16,77,65,"T"
2015-04-17,74,65,"T"
2015-04-18,87,66,"0.00"
2015-04-19,86,67,"0.04"
2015-04-20,79,62,"0.15"
2015-04-21,82,61,"0.00"
2015-04-22,86,56,"0.00"
2015-04-23,87,58,"0.24"
2015-04-24,84,62,"0.00"
2015-04-25,86,61,"0.27"
2015-04-26,87,70,"0.88"
2015-04-27,79,67,"0.12"
